"Apuntes para un inventario general de fiestas tradicionales del Peru (Instituto Nacional de Cultura, 2001)",,,,,,,,,,
Fiesta,Mes,Dia,Departamento,Provincia,Distrito,latitud ,longitud,,,
Señor de Florida (Patronal,Octubre,18,Amazonas,Bongara,-,-5.8575,-77.79222222,,,
RaymilIacta (Tradicional),Julio,1,Amazonas,Chachapoyas,-,-6.23,-77.87,,,
Señor de Huancas (Patronal),Octubre,18,Amazonas,Chachapoyas,-,-6.23,-77.87,,,
Señor de la Jalea (Patronal),Julio,28,Amazonas,Chachapoyas,La Jaica,-6.48453,-77.81502,,,
Señor de Leymebamba,Julio,29,Amazonas,Chachapoyas,Leymabamba,-6.7075,-77.80387,,,
Señor de utcubamba (patronal),Julio,29,Amazonas,n.d.,-,-6.22,-77.85,,,
Sefior de Lamud (Patronal),Setiembre,12,Amazonas,Luya,Lamud,-6.164652778,-77.94481111,,,
San Francisco (Patronal),Octubre,12,Ancash ,Aija,-,-9.76666667,-77.63333333,,,
San Juan (Patronal),Setiembre,21-27,Ancash ,Aija,-,-9.76666667,-77.63333333,,,
San Juan (patronal),Junio,23-24,Ancash ,Aija,-,-9.76666667,-77.63333333,,,
San Martin (Patronal),Noviembre,13,Ancash ,Aija,-,-9.76666667,-77.63333333,,,
San Pedro (Patronal),Junio,27-30,Ancash ,Aija,-,-9.76666667,-77.63333333,,,
San Santiago (Patronal),Julio,21-25,Ancash ,Aija,-,-9.76666667,-77.63333333,,,
Santa Aaa (Patronal),Julio,25-28,Ancash ,Aija,-,-9.76666667,-77.63333333,,,
Sefior de Mayo (Tradicional),Mayo,2,Ancash ,Aija,-,-9.76666667,-77.63333333,,,
Virgen de la Calendaria (Patronal),Febrero,1-2,Ancash ,Aija,-,-9.76666667,-77.63333333,,,
Virgen de las Mercedes (Patronal),Setiembre,23-27,Ancash ,Aija,-,-9.76666667,-77.63333333,,,
Virgen del Carmen (Patronal),Julio,16-20,Ancash ,Aija,-,-9.76666667,-77.63333333,,,
San Juan Bautista (patronal),Junio,23,Ancash ,Antonio Raimondi,-,-9.133,-77.017,,,
San Miguel (Patronal),Setiembre,24,Ancash ,Antonio Raimondi,-,-9.133,-77.017,,,
San Vicente Ferrer (patronal),Octubre,8,Ancash ,Antonio Raimondi,-,-9.133,-77.017,,,
Virgen de la Asuncion (Patronal),Agosto,14-16,Ancash ,Antonio Raimondi,-,-9.133,-77.017,,,
Virgen de las Mercedes (Patronal),Setiembre,23-27,Ancash ,Antonio Raimondi,-,-9.133,-77.017,,,
Virgen Purisima (Patronal),Octubre,5-21,Ancash ,Antonio Raimondi,-,-9.133,-77.017,,,
Mama Ashu (Patronal),Agosto,12-24,Ancash ,Asuncion,-,-9.159166667,-77.36416667,,,
San Pedro (patronal),Junio,28-30,Ancash ,Bolognesi,-,-10.15,-77.18305556,,,
Santa Rosa (Patronal),Agosto,28,Ancash ,Bolognesi,-,-10.15,-77.18305556,,,
Santa Rosa (Patronal),Agosto,28-30,Ancash ,Bologoesi,-,-10.15,-77.18305556,,,
Semana Santa (Tradicional),Marzo / Abril,*,Ancash ,Bolognesi,-,-10.15,-77.18305556,,,
Todos los Santos (Tradicional),Noviembre,1,Ancash ,Bolognesi,-,-10.15,-77.18305556,,,
Virgen del Rosario (Patronal),Mayo,13,Ancash ,Bolognesi,-,-10.15,-77.18305556,,,
Virgen del Rosario (Patronal),Octubre,20-23,Ancash ,Bolognesi,-,-10.15,-77.18305556,,,
Domingo de Cuasimodo (Patronal),Marzo / Abril,*,Ancash ,Carhuaz,-,-9.281388889,-77.64638889,,,
San Aadres (patronal),Setiembre,22-26,Ancash ,Carhuaz,-,-9.281388889,-77.64638889,,,
San Antonio (Patronal),Setiembre,1,Ancash ,Camuaz,-,-9.281388889,-77.64638889,,,
San Juan (Patronal),Junio,22-26,Ancash ,Camuaz,-,-9.281388889,-77.64638889,,,
San Luis Rey de Francia (Patronal),Agosto,23-27,Ancash ,Cadiuaz,-,-9.281388889,-77.64638889,,,
San Pedro (Patronal),Junio,28-30,Ancash ,Camuaz,-,-9.281388889,-77.64638889,,,
San Santiago (Patronal),Julio,23-28,Ancash ,Camuaz,-,-9.281388889,,,,
Santa Cruz (patronal),Setiembre,15,Ancash ,Camuaz,-,-9.281388889,-77.64638889,,,
Santa Rosa (patronal),Agosto,28-30,Ancash ,Camuaz,-,-9.281388889,-77.64638889,,,
Santo Toribio (patronal),Setiembre,6,Ancash ,Camuaz,-,-9.281388889,-77.64638889,,,
Semana Santa (Tradicional),Marzo / Abril,*,Ancash ,Camuaz,-,-9.281388889,-77.64638889,,,
Señor de Chaucayan (Patronal),Setiembre,12-23,Ancash ,Camuaz,-,-9.281388889,-77.64638889,,,
Señor de la Soledad (Patronal),Noviembre,6-10,Ancash ,Camuaz,-,-9.281388889,-77.64638889,,,
Señior del Auxilio (Patronal),Octubre,28,Ancash ,Camuaz,-,-9.281388889,-77.64638889,,,
Virgen de la Asuncion (Patronal),Agosto,18-23,Ancash ,Camuaz,-,-9.281388889,-77.64638889,,,
Virgen de la Inmaculada Concepcion (patronal),Diciembre,8,Ancash ,Camuaz,-,-9.281388889,-77.64638889,,,
Virgen de la Natividad (Patronal),Setiembre,8-11,Ancash ,Camuaz,-,-9.281388889,-77.64638889,,,
Virgen de las Mercedes (Patronal),Setiembre,5,Ancash ,Camuaz,-,-9.281388889,-77.64638889,,,
Virgen de las Mercedes (Patronal),Setiembre,5,Ancash ,Camuaz,-,-9.281388889,-77.64638889,,,
Virgen del Pilar (Patronal),Octubre,10-15,Ancash ,Camuaz,-,-9.281388889,-77.64638889,,,
Virgen del Rosario (Patronal),Octubre,10-15,Ancash ,Camuaz,-,-9.281388889,-77.64638889,,,
Virgen Maria Auxiliadora (patronal),Mayo,25,Ancash ,Camuaz,-,-9.281388889,-77.64638889,,,
Seilor de Yauya (Patronal),Setiembre,10,Ancash ,Carlos F. Fitzcarrald,-,-9.083055556,-77.35,,,
Virgen de las Mercedes (Patronal),Setiembre,18- 24,Ancash ,Carlos F. Fitzcarrald,-,-9.083055556,-77.35,,,
Virgen del Cannen (Patronal),Julio,16,Ancash ,Carlos F. Fitzcarrald,-,-9.083055556,-77.35,,,
Corazon de Jesus (patronal),Junio,30,Ancash ,Casma,-,-9.4741666666667,-78.310555555556,,,
Santa Maria Magdalena (Patronal),Julio,22,Ancash ,Casma,-,-9.4741666666667,-78.310555555556,,,
Virgen del Carmen (Patronal),Julo,16-20,Ancash ,Casma,-,-9.4741666666667,-78.310555555556,,,
Corpus Christi (Tradicional),Junio,28-29,Ancash ,Huaraz,-,-9.5333333333333,-77.53333333,,,
San Andres (Patronal),Noviembre,8-30,Ancash ,Huaraz,-,-9.5333333333333,-77.53333333,,,
San Jeronimo (Patronal),Setiembre,28-30,Ancash ,Huaraz,-,-9.5333333333333,-77.53333333,,,
Santa Cruz (Patronal),Setiembre,23-28,Ancash ,Huaraz,-,-9.5333333333333,-77.53333333,,,
Semana Santa (Tradicional),Marzo / Abril,*,Ancash ,Huaraz,-,-9.5333333333333,-77.53333333,,,
Virgen Betlemita (Patronal),Enero,20-24,Ancash ,Huaraz,-,-9.5333333333333,-77.53333333,,,
Virgen de las Mercedes (Patronal),Setiembre,23-28,Ancash ,Huaraz,-,-9.5333333333333,-77.53333333,,,
San Pedro (patronal),Julio,24,Ancash ,Huari,-,-9.3472222222222,-77.17083333,,,
Santo Domingo de Guzman (Patronal),Octubre,28-30,Ancash ,Huari,-,-9.3472222222222,-77.17083333,,,
Virgen del Rosario (patronal),Octubre,7,Ancash ,Huari,-,-9.3472222222222,-77.17083333,,,
Virgen Peregrina (patronal),Octubre,12,Ancash ,Huari,-,-9.3472222222222,-77.17083333,,,
Corazon de Jesus (patronal),Junio,30,Ancash ,Huarmey,-,-10.06861111,-78.16027778,,,
San Pedro (Patronal),Junio,28-29,Ancash ,Huarmey,-,-10.06861111,-78.16027778,,,
Virgen del Rosario (Patronal),Octubre,*,Ancash ,Huarmey,-,-10.06861111,-78.16027778,,,
Niño Jesus (Patronal),Enero,*,Ancash ,Huaylas ,-,-8.8725,-77.8928,,,
San Jacinto (patronal),Agosto,16-19,Ancash ,Huaylas ,-,-8.8725,-77.8928,,,
San Juan (Patronal),Junio,22-28,Ancash ,Huaylas ,-,-8.8725,-77.8928,,,
San Juan (Patronal),Junio,23-25,Ancash ,Huaylas ,-,-8.8725,-77.8928,,,
San Martin de Porres (Patronal),Noviembre,3,Ancash ,Huaylas ,-,-8.8725,-77.8928,,,
San Santiago (Patronal),Julio ,6-9,Ancash ,Huaylas ,-,-8.8725,-77.8928,,,
Santa Isabel (Patronal),Julio,7-9,Ancash ,Huaylas ,-,-8.8725,-77.8928,,,
Santa Isabel (Patronal),Julio,8-9,Ancash ,Huaylas ,-,-8.8725,-77.8928,,,
Santa Rosa de Huina (patronal),Agosto,20,Ancash ,Huaylas ,-,-8.8725,-77.8928,,,
Santo Toribio (Patronal),Abril,24,Ancash ,Huaylas ,-,-8.8725,-77.8928,,,
Sefior de los Milagros (Tradicional),Setiembre,10-13,Ancash ,Huaylas ,-,-8.8725,-77.8928,,,
Todos los Santos (Tradicional),Noviembre,*,Ancash ,Huaylas ,-,-8.8725,-77.8928,,,
Virgen de Chiquinquira (Patronal),Enero,18-24,Ancash ,Huaylas ,-,-8.8725,-77.8928,,,
Virgen de Guadalupe (Patronal),Diciembre,*,Ancash ,Huaylas ,-,-8.8725,-77.8928,,,
Virgen de Huata (Patronal),Agosto,*,Ancash ,Huaylas ,-,-8.8725,-77.8928,,,
Virgen de la Asuncion (Patronal),Agosto,14-18,Ancash ,Huaylas ,-,-8.8725,-77.8928,,,
Virgen de la Inmaculada Concepcion (Patronal),Agosto,7-9,Ancash ,Huaylas ,-,-8.8725,-77.8928,,,
Virgen del Cannen (Patronal),Julio,15-18,Ancash ,Huaylas ,-,-8.8725,-77.8928,,,
San Santiago (Patronal),Junio,25,Ancash ,Pallasca,-,-8.26344,-78.00486,,,
Santo Domingo de Guzman (patronal),Agosto,4,Ancash ,Pallasca,-,-8.26344,-78.00486,,,
Virgen del Rosario (patronal),Octubre,7,Ancash ,Pallasca,-,-8.26344,-78.00486,,,
San Francisco de Asis (patronal),Octubre,23-25,Ancash ,Pallasca,-,-8.26344,-78.00486,,,
San Juan Bautista (Patronal),Octubre,22-24,Ancash ,Pomabamba ,-,-8.82,-77.46055556,,,
Santa Cruz (Patronal),Setiembre,19,Ancash ,Pomabamba ,-,-8.82,-77.46055556,,,
Santa Rosa (Patroual),Agosto,30,Ancash ,Pomabamba ,-,-8.82,-77.46055556,,,
Señor de Santa Cruz (Tradicional),Setiembre,12-16,Ancash ,Pomabamba ,-,-8.82,-77.46055556,,,
Virgen de la Natividad (patronal),Setiembre,29,Ancash ,Pomabamba ,-,-8.82,-77.46055556,,,
Virgen del Rosario (Patronal),Octubre,7,Ancash ,Pomabamba ,-,-8.82,-77.46055556,,,
San Lorenzo (Patronal),Agosto,4-5,Ancash ,Pomabamba ,-,-8.82,-77.46055556,,,
San Maleo (Patroual),Setiembre,21,Ancash ,Recuay,-,-9.72222222,-77.45583333,,,
San Pablo (patroual),Julio,7-8,Ancash ,Recuay,-,-9.72222222,-77.45583333,,,
San Pedro (Patronal),Junio,27-28,Ancash ,Recuay,-,-9.72222222,-77.45583333,,,
Santa Cruz (Patronal),Setiembre,14,Ancash ,Recuay,-,-9.72222222,-77.45583333,,,
Semana Santa (Tradicional),Marzo / Abril,*,Ancash ,Recuay,-,-9.72222222,-77.45583333,,,
Señor de Agonias de Mayo (Patronal),Mayo,2-6,Ancash ,Recuay,-,-9.72222222,-77.45583333,,,
Señor de Burgos (patronal),Setiembre,10.15,Ancash ,Recuay,-,-9.72222222,-77.45583333,,,
Seiior de Chaucayan (Patronal),Mayo,3,Ancash ,Recuay,-,-9.72222222,-77.45583333,,,
Señor de Mayo (Tradicional),Mayo,3,Ancash ,Recuay,-,-9.72222222,-77.45583333,,,
Todos los Santos (Tradicional),Noviembre,1,Ancash ,Recuay,-,-9.72222222,-77.45583333,,,
Virgen del Pilar (Patronal),Octubre,10-15,Ancash ,Recuay,-,-9.72222222,-77.45583333,,,
San Pedro (Patronal),Junio,29,Ancash ,Santa,-,-8.99217,-78.60923,,,
Santo Toribio de Magrovejo (Patronal),Agosto,20,Ancash ,Santa,-,-8.99217,-78.60923,,,
Virgen Maria de Guadalupe (Patronal),Setiembre,8,Ancash ,Santa,-,-8.99217,-78.60923,,,
San Francisco de Asis (Patronal),Octubre,3-4,Ancash,Sihuas,-,-8.55778,-77.62583,,,
San Juan (Parronru),Junio,23-24,Ancash,Sihuas,-,-8.55778,-77.62583,,,
San Pedro (Parronru),Junio,29-30,Ancash,Sihuas,-,-8.55778,-77.62583,,,
Santa Cruz (patronal),Setiembre,22-23,Ancash,Sihuas,-,-8.55778,-77.62583,,,
Virgen de la Natividad (Patronal),Setiembre,6-10,Ancash,Sihuas,-,-8.55778,-77.62583,,,
Virgen de las Nieves (patronal),Agosto,2-16,Ancash,Sihuas,-,-8.55778,-77.62583,,,
Virgen de Pillatan (Patronal),Setiembre,12-16,Ancash,Sihuas,-,-8.55778,-77.62583,,,
Virgen del Rosario (Parronal),Octubre,6-8,Ancash,Sihuas,-,-8.55778,-77.62583,,,
Virgen Purisima (Patronal),Setiembre,8,Ancash,Sihuas,-,-8.55778,-77.62583,,,
Corpus Christi (Tradicional),Agosto,4,Ancash,Yungay,-,-9.13888889,-77.74444444,,,
San Cristobal (Patronal),Julio,24-26,Ancash,Yungay,-,-9.13888889,-77.74444444,,,
San Juan Bautista (Patronal),Junio,23-25,Ancash,Yungay,-,-9.13888889,-77.74444444,,,
San Roque (Patronal),Agosto,13-17,Ancash,Yungay,-,-9.13888889,-77.74444444,,,
Santa Rosa de Lima (Patronal),Agosto,28-30,Ancash,Yungay,-,-9.13888889,-77.74444444,,,
Santo Domingo (Patronal),Agosto,5-7,Ancash,Yungay,Yungay,-9.13888889,-77.74444444,,,
Señor de los Milagros (Tradicional),Octubre,17-20,Ancash,Yungay,-,-9.13888889,-77.74444444,,,
Virgen de la Asuncion (Patronal),Setiembre,2,Ancash,Yungay,-,-9.13888889,-77.74444444,,,
Virgen de la Candelaria (Patronal),Agosto,1-2,Ancash,Yungay,-,-9.13888889,-77.74444444,,,
Virgen de la Natividad (Patronal),Noviembre,13-15,Ancash,Yungay,-,-9.13888889,-77.74444444,,,
Virgen del Rosario (Patronal),Noviembre,25,Ancash,Yungay,-,-9.13888889,-77.74444444,,,
Apurayrni (Tradicional),Abril/mayo,*,Apurunac,Abancay,-,-13.633333333333,-72.88333333,,,
Bajada de Reyes (Tradicional),Enero,6,Apurimac,Abancay,-,-13.633333333333,-72.88333333,,,
Virgen Santa Isabel de Caype (patronal),Junio,4,Apurimac,Abancay,-,-13.633333333333,-72.88333333,,,
Sondor Raymi (Tradicional),Junio,23,Apurimac,Andahuaylas,-,-13.6575,-73.38333333,,,
Tincuy (Tradicionru),Junio,25,Apurimac,Andahuaylas,-,-13.6575,-73.38333333,,,
Afio Nuevo (Tradicional),Enero,1,Apurimac,Andahuylas,-,-13.6575,-73.38333333,,,
Bajada de Reyes (Tradicional),Enero,6,Apurimac,Andahuylas,-,-13.6575,-73.38333333,,,
Niño Jesus (Patronal),Diciembre,25,Apurimac,Andahuylas,-,-13.6575,-73.38333333,,,
Todos los Santos (Tradicional),Noviembre,1,Apurimac,Andahuylas,-,-13.6575,-73.38333333,,,
Corrida de Toros (Tradicional),Octubre,7,Apurimac,Antabamba,Antabamba,-14.3653,-72.8772,,,
San Sruvador Mayura (Patronal),Agosto,1,Apurimac,Antahamba,-,-14.3653,-72.8772,,,
San Santiago (Patronal),Junio,29,Apurimac,Antabamba,-,-14.3653,-72.8772,,,
Todos los Santos (Tradicional),Noviembre,1,Apurimac,Antabamba,-,-14.3653,-72.8772,,,
San Pedro y San Pablo (Patronal),Junio,29,Apurimac,Aymaraes,-,-14.301,-73.231,,,
Sefior de Animas (Patronal),Agosto,1,Apurimac,Aymaraes,-,-14.301,-73.231,,,
Virgen de la Inmaculada Concepcion (Patronal),Octubre,8,Apurimac,Aymaraes,-,-14.301,-73.231,,,
Corrida de Toros (Tradicional),Julio,28,Apurimac,Cotabambas,Cotabambas,-13.75111111,-72.35305556,,,
Todos los Santos (Tradicional),Noviembre,1,Apurimac,Cotabambas,-,-13.75111111,-72.35305556,,,
Virgen del Carmen (Parronal),Julio,16,Apurimac,Cotabambas,-,-13.75111111,-72.35305556,,,
Todos los Santos (Tradicional),Noviembre,1,Apurimac,Chincheras,-,-13.52277778,-73.72833333,,,
Virgen del Cannen (Patronal),Junio,26,Apurimac,Chincheras,-,-13.52277778,-73.72833333,,,
Corrida de Toros (Tradicional),Julio,27-29,Apurimac,Grau,Grau,-14.11388889,-72.715,,,
Todos los Santos (Tradicional),Noviembre,1,Apurimac,Grau,-,-14.11388889,-72.715,,,
Virgen de la Asuncion (Patronal),Agosto,25,Apurimac,Grau,-,-14.11388889,-72.715,,,
Corpus Cluisti (Tr3dicional),Mayo,11,Arequipa,Arequipa,-,-16.39882222,-71.53688333,,,
Las Cruces (Tradicional),Mayo,1,Arequipa,Arequipa,-,-16.39882222,-71.53688333,,,
Semana Santa (Tradicional),Marzo/Abril,*,Arequipa,Arequipa,-,-16.39882222,-71.53688333,,,
Todos los Santos (Tradicional),Noviembre,1,Arequipa,Arequipa,-,-16.39882222,-71.53688333,,,
Virgen de Chapi (patrorud),Mayo,1,Arequipa,Arequipa,-,-16.39882222,-71.53688333,,,
Virgen de la Inmaculada Concepcion (Patronal),Diciembre,8,Arequipa,Arequipa,-,-16.39882222,-71.53688333,,,
Yacu Raymi (Tradicional),Agosto,20-26,Ayacucho,Ayacucho,Chiara (Andamarca),-13.2731,-74.2058,,,
Vilcas Raymi 11 (Tradicional),Julio,27-28,Ayacucho,Cangallo,-,-13.6292,-74.1439,,,
Bajada de Reyes (Tradicional),Enero,2-8,Ayacucho,Huamanga,Huamanga,-13.16305556,-74.22444444,,,
COI]luS Christi (Tradicional),Junio,15,Ayacucho,Huamanga,Huamanga,-13.16305556,-74.30498889,,,
Navidad (Tradicional),Diciembre,24-25,Ayacucho,Huamanga,Huamanga,-13.16305556,-74.38553333,,,
Niño Naccac (Patronal),Noviembre,1-4,Ayacucho,Huamanga,Huamanga,-13.16305556,-74.46607778,,,
San Juan (patronal),Junio,27-29,Ayacucho,Huamanga,Huamanga,-13.16305556,-74.54662222,,,
Santa Ana (patronal),Agosto,30,Ayacucho,Huamanga,Huarnanga,-13.16305556,-74.62716667,,,
Santa Maria Magdalena (Patronal),Agosto,23,Ayacucho,Huamanga,Huarnanga,-13.16305556,-74.70771111,,,
Santa Rosa (Patronal),Agosto,30,Ayacucho,Huamanga,Huamanga,-13.16305556,-74.78825556,,,
Santa Teresa (Patronal),Octubre,15,Ayacucho,Huamanga,Huamanga,-13.16305556,-74.8688,,,
Semana Santa (Tradicional),Marzo/Abril,*,Ayacucho,Huamanga,Huamanga,-13.16305556,-74.94934444,,,
Todos los Santos (Tradicional),Noviembre,1-2,Ayacucho,Huamanga,Huamanga,-13.16305556,-75.02988889,,,
Virgen de Cocharcas (Patronal),Setiembre,8,Ayacucho,Huamanga,Huamanga,-13.16305556,-75.11043333,,,
Virgen de Fatima (Patronal),Mayo,13,Ayacucho,Huamanga,Huamanga,-13.16305556,-75.19097778,,,
Virgen de la Calendaria (Patronal),Mayo,2,Ayacucho,Huamanga,Huamanga,-13.16305556,-75.27152222,,,
Virgen de la Calendaria (Patronal),Febrero,2-6,Ayacucho,Huamanga,Huamanga,-13.16305556,-75.35206667,,,
Virgen del Carmen (Patronal),Julio,16,Ayacucho,Huamanga,Huamanga,-13.16305556,-75.43261111,,,
Virgen del Patrocinio (Patrona1),Noviembre,12,Ayacucho,Huamanga,Huamanga,-13.16305556,-75.51315556,,,
Virgen del Pilar de Zaragoza (Patrorud),Noviembre,1-4,Ayacucho,Huamanga,Huamanga,-13.16305556,-75.5937,,,
Virgen del Rosario (Patronal),Octubre,15,Ayacucho,Huamanga,Huamanga,-13.16305556,-75.67424444,,,
Sefior de Quinuapata (Patronal),Setiembre,14,Ayacucho,Huamanga,Huamanga,-13.16305556,-75.75478889,,,
San Juan Bautista (Patronal),Junio,24,Ayacucho,Huamanga,San Juan Bautista,-13.165886,-74.223632,,,
San Lorenzo (patronal),Agosto,10,Ayacucho,Huamanga,San Juan Bautista,-13.165886,-74.223632,,,
Sedor de los Milagros (Tradicional),Octubre,17-24,Ayacucho,Huanta,Huanta,-12.93972222,-74.2475,,,
San Francisco (patronal),Octubre,4-8,Ayacucho,Huanta,Huanta,-12.93972222,-74.2475,,,
Sefior de Maynay (Patronal),Setiembre,17-20,Ayacucho,Huanta,Huanta,-12.93972222,-74.2475,,,
Las Cruces (Tradicional),Mayo,3,Ayacucho,Huanta,Luricocha,-12.8986865,-74.2794389,,,
San Francisco (Patronal),Octubre,04-08,Ayacucho,La Mar,-,-13.012605555556,-73.980963888889,,,
San Miguel (Patronal),Setiembre,25-30,Ayacucho,La Mar,-,-13.012605555556,-73.980963888889,,,
San Miguel (Patronal) ,Setiembre,25-30,Ayacucho,La Mar,San Miguel,-13.013638,-73.980659,,,
Yacu Raymi (Tradicional),Agosto,20-26,Ayacucho,Lucanas,-,-14.693888888889,-74.12388889,,,
Virgen de las Nieves (Patronal),Agosto,02-10,Ayacucho,Parinacochas,Coracora,-15.01699444,-73.78041944,,,
Virgen de las Nieves (Patronal),Agosto,02-10,Ayacucho,Parinacochas,-,-15.016994444444,-73.78041944,,,
Vilcas Raymi II (Tradicional),Julio,27-28,Ayacucho,Vilcashuaman,-,-13.65311,-73.95396,,,
Mamacha Asunta (Patronal),Agosto,15,Ayacucho,Vilcashuaman,Vilcashuaman,-13.65311,-73.95396,,,
San Antonio (Patronal),Junio,13,Ayacucho,Vilcashuaman,Vilcashuaman,-13.65311,-73.95396,,,
Mamacha Asunta (Patronal),Agosto,15,Ayacucho,Vilcashuaman,Vischongo,-13.5892,-73.9953,,,
Las Cruces (Tradicional),Mayo,3,Cajamarca,Cajabamba,Cajabamba,-7.6237444444444,-78.04789722,,,
Semana Santa (Tradicional),Marzo/Abril,*,Cajamarca,Cajabamba,Cajabamba,-7.6237444444444,-78.04789722,,,
Virgen del Rosario (Patronal),Octubre,ler. Domingo,Cajamarca,Cajabamba,Cajabamba,-7.6237444444444,-78.04789722,,,
San Pedro y San Pablo (Patronal),Julio,29,Cajamarca,Cajabamba,Cajabamba (parubamba),-7.6348213428,-78.04708,,,
Santa Rosa (Patronal),Agosto,30,Cajamarca,Cajabamba,-,-7.6237444444444,-78.04789722,,,
Virgen del Carmen (Patronal),Julio,16,Cajamarca,Cajabamba,-,-7.6237444444444,-78.04789722,,,
San Isidro Labrador (Patronal),Mayo,15,Cajamarca,Cajabamba,Sitacocha,-7.51944,-77.9694,,,
Virgen de la Inmaculada Concepcion (Patronal),Diciembre,8,Cajamarca,Cajabamba,Sitacocha,-7.51944,-77.9694,,,
Virgen de la Asuncion (Patronal),Agosto,14-16,Cajamarca,Cajamarca,Asuncion,-7.32483,-78.517297,,,
Corpus Christi (Tradicional),Junio,*,Cajamarca,Cajamarca,Cajamarca,-7.1575,-78.5175,,,
Las Cruces (Tradicional),Mayo,3,Cajamarca,Cajamarca,Cajamarca,-7.1575,-78.5175,,,
Navidad (Tradicional),Diciembre,24,Cajamarca,Cajamarca,Cajamarca,-7.1575,-78.5175,,,
San Jose Obrero (Patronal),Mayo,1,Cajamarca,Cajamarca,Cajamarca,-7.1575,-78.5175,,,
San Pedro y San Pablo (Patronal),Junio,29,Cajamarca,Cajamarca,Cajamarca,-7.1575,-78.5175,,,
San Sebastian (Patronal),Enero,19,Cajamarca,Cajamarca,Cajammca,-7.1575,-78.5175,,,
Semana Santa (Tradicional),Marzo/Abril,*,Cajamarca,Cajamarca,Cajamarca,-7.1575,-78.5175,,,
Señor de los Milagros (Tradicional),Octubre,18-19,Cajamarca,Cajamarca,Cajamarca,-7.1575,-78.5175,,,
Todos los Santos (Tradicional),Noviembre,01-02,Cajamarca,Cajamarca,Cajamarca,-7.1575,-78.5175,,,
San Antonio de Padua (Patronal),Julio,24,Cajamarca,Cajamarca,Cajamarca (Charnis),-7.1607954,-78.51,,,
San Esteban (Patronal),Enero,1,Cajamarca,Cajamarca,Chetilla,-7.46261,-78.675883,,,
Virgen Purisima (Patronal),Enero,1,Cajamarca,Cajamarca,Chetilla,-7.46261,-78.675883,,,
Las Cruces (Tradicional),Marzo/Abril,*,Cajamarca,Cajamarca,Chetilla,-7.46261,-78.675883,,,
San Juan Bautista (Patronal),Junio,24,Cajamarca,Cajamarca,Chetilla,-7.46261,-78.675883,,,
Virgen de la Asuncion (Patronal),Agosto,15,Cajamarca,Cajamarca,Chetilla,-7.46261,-78.675883,,,
Virgen Purisima (Patronal),Diciembre,8,Cajamarca,Cajamarca,Encañada,-7.0859393,-78.467139,,,
Niño Jesus (Patronal),Enero,3??. Domingo,Cajamarca,Cajamarca,Jesus,-7.248147,-78.38446,,,
San Juan Bautista (Patronal),Junio,24,Cajamarca,Cajamarca,Llacanora,-7.194333,-78.423599,,,
Santa Maria Magdalena (Patronal),Julio,22,Cajamarca,Cajamarca,Magdalena,-7.250191,-78.659805,,,
San Lorenzo (Patronal),Agosto,10,Cajamarca,Cajamarca,Matara,-7.25833333,-78.25277778,,,
San Juan Bautista (Patronal),Junio,24,Cajamarca,Cajamarca,Chetilla (Porcon),-7.146261,-78.675883,,,
Virgen de la Asuncion (Patronal),Agosto,15,Cajamarca,Cajamarca,Chetilla (Porcon),-7.146261,-78.675883,,,
San Juan Bautista (Patronal),Junio,24,Cajamarca,Cajamarca,San Juan,-7.291649,-78.497764,,,
Corpus Christi (Tradicional),Junio,*,Cajamarca,Celendin,Celendin,-6.868965,-78.142714,,,
Las Cruces (Tradicional),Mayo,01-04,Cajamarca,Celendin,Celendin,-6.868965,-78.142714,,,
Niño Dios de Purarume (Patronal),Enero,14,Cajamarca,Celendin,Celendin,-6.868965,-78.142714,,,
Virgen de la Calendaria (Patronal),Febrero,01-04,Cajamarca,Celendin,Celendin,-6.868965,-78.142714,,,
Virgen del Cannen (Patronal),Julio/Agosto,15 al 04,Cajamarca,Celendin,Celendin,-6.868965,-78.142714,,,
Virgen de la Natividad (Patronal),Setiembre,8,Cajamarca,Celendin,Jorge Chavez,-6.94152902,-78.09187439,,,
Virgen de la Natividad (Patronal),Setiembre,8,Cajamarca,Celendin,Jose Galvez,-6.926011,-78.132634,,,
San Sebastian (Patronal),Enero,20,Cajamarca,Celendin,-,-6.866647222,-78.14141667,,,
San Agustin (Patronal),Agosto,28,Cajamarca,Celendin,Oxamarca,-7.098168,-78.073166,,,
Señor Padre Eterno (Patronal),Junio,10,Cajamarca,Celendin,Sorochuco,-6.91203,-78.254118,,,
Virgen Purisima (Patronal),Diciembre,8,Cajamarca,Celendin,Sorochuco,-6.91203,-78.254118,,,
San Isidro Labrador (Patronal),Mayo,19,Cajamarca,Celendin,Sucre,-6.941341,-78.136108,,,
San Juan Bautista (patronal),Junio,24,Cajamarca,Celendin,utco,-6.89609,-78.06409,,,
Navidad y Afto Nuevo (Tradicional),DiciembreJEnero,24 al 01-06-20,Cajamarca,Contumaza,Contumaza,-7.3658718,-78.8039017,,,
S. . Mateo (Patronal),Setiembre,21,Cajamarca,Contumaza,Contumaza,-7.3658718,-78.8039017,,,
San Sebastian (Patronal),Enero,20,Cajamarca,Contumaza,Contumaza,-7.3658718,-78.8039017,,,
Santisima Trinidad (Patronal),Junio,16,Cajamarca,Contumaza,Contumaza,-7.3658718,-78.8039017,,,
Semana Santa (Tradicional),Marzo/Abril,*,Cajamarca,Contumaza,Contumaza,-7.3658718,-78.8039017,,,
Santa Teresita del Nifio Jesus (patronal),Octubre,4,Cajamarca,Contumaza,Chilete,-7.2215234,-78.8390064,,,
San Santiago (Patronal),Julio,28,Cajamarca,Contumaza,Guzmango,-7.3848111,-78.8962555,,,
Dia del Soltero Casado y Nifio (Tradicional),Agosto,01-02-03,Cajamarca,Contumaza,-,-7.36905,-78.80653889,,,
San Isidro Labrador (Patronal),Abril,21-23,Cajamarca,Contumaza,San Benito,-7.425496,-78.92694,,,
Virgen de la Inmaculada Concepcion (Patronal),Diciembre,8,Cajamarca,Contumaza,San Benito,-7.425496,-78.92694,,,
San Antonio de Padua (Patronal),Diciembre,30,Cajamarca,Contumaza,Santa Cruz de Toledo,-7.3446391,-78.8370003,,,
Virgen del Arco (Patronal),Diciembre,28,Cajamarca,Contumaza,Santa Cruz de Toledo,-7.3446391,-78.8370003,,,
San Francisco de Asis (Patronal),Octubre,12,Cajamarca,Contumaza,Tantarica,-7.213287,-78.927657,,,
San Isidro Labrador (patronal),Mayo,15,Cajamarca,Contumaza,Yonan,-7.253774,-79.129527,,,
San Isidro Labrador (Patronal),Mayo,15,Cajamarca,Cntervo,Cutervo,-6.3796,-78.8169,,,
San Juan Bautista (patronal),Julio,23 al 30,Cajamarca,Cutervo,Cutervo,-6.3796,-78.8169,,,
Señor de Animas (Patronal),Mayo,14,Cajamarca,Cutervo,Cutervo,-6.3796,-78.8169,,,
Virgen de la Aslulcion (patronal),Agosto,10-20,Cajamarca,Cutervo,Cutervo,-6.3796,-78.8169,,,
San Juan Bautista (Patronal),Setiembre,14,Cajamarca,Cutervo,Querocotillo,-6.359562,-79.034619,,,
Todos los Santos (Tradicional),Noviembre,1,Cajamarca,Cutervo,San Andres de Cutervo,-6.23638889,-78.71111111,,,
Niño Jesus (Patronal),Diciembre,25,Cajamarca,Cutervo,San Luis de Lucma,-6.293911,-78.603511,,,
Santo Domingo (patronal),Julio,10-20,Cajamarca,Cutervo,Santo Domingo de la Capilla,-6.24472,-78.8553,,,
Santo Tomas (Patronal),Diciembre,2,Cajamarca,Cutervo,Santo Tomas,-6.3792769,-78.8171196,,,
San Lorenzo (Patronal),Agosto,10,Cajamarca,Cutervo,Socota,-6.3163649,-78.6986518,,,
Virgen de la Calendaria (patronal),Febrero,2,Cajamarca,Cutervo,Socota,-6.3163649,-78.6986518,,,
Virgen Dolorosa (Patronal),Setiembre,14,Cajamarca,Chota,Anguia,-6.0341736,-78.60455,,,
Navidad (Tradicional),Diciembre,25,Cajamarca,Chota,Cochabamba,-6.0341736,-78.8857627,,,
Niño Jesus (Patronal),Diciembre,25,Cajamarca,Chota,Conchan,-6.44329,-78.6560798,,,
San Silvestre (Patronal),Diciembre,31,Cajamarca,Chota,Conchan,-6.44329,-78.6560798,,,
San Pedro (patronal),Julio,8,Cajamarca,Chota,Chimban,-6.44329,-78.6560798,,,
San Juan Bautista (Patronal),Junio,23-25,Cajamarca,Chota,Chota,-6.55972,-78.6469,,,
Señora de la Misericordia (Patronal),Setiembre,14,Cajarnarca,Chota,Chota,-6.55972,-78.6469,,,
Virgen de la Asuncion (patronal),Agosto,15,Cajamarca,Chota,Chota,-6.55972,-78.6469,,,
Virgen de la Inmaculada Concepcion (patronal),Diciembre,8,Cajamarca,Chota,Chota,-6.55972,-78.6469,,,
San Juan Bautista (patronal),Junio,24,Cajamarca,Chota,Huambos,-6.4530099,-78.9653873,,,
Sagrado Corazon de Jesus (Patronal),Enero,6,Cajamarc8,Chota,Lajas,-6.56029,-78.7347363,,,
San Antonio (Patronal),Julio,6,Cajamarca,Chota,Lajas,-6.56029,-78.7347363,,,
San Juan Bautista (Patronal),Junio,23,Cajamarca,Chota,Llama,-6.5142451,-79.1194153,,,
San Santiago (Patronal),Julio,25,Cajamarca,Chota,Miracosta,-6.40455,-79.283,,,
San Juan Bautista (Patronal),Junio,26,Cajamarca,Chota,-,-6.55972,-78.6469,,,
San Francisco (Patronal),Setiembre,4,Cajamarca,Chota,Pion,-6.178482,-78.481796,,,
San Pedro y San Pablo (Patronal),Junio,29,Cajamarca,Chota,Querocoto,-6.35861111,-79.03555556,,,
San Juan Bautista (Patronal),Setiembre,*,Cajamarca,Chota,San Juan de Licupes,-6.42417,-79.2422,,,
Sefior de la Angustia (Patronal),Setiembre,14,Cajamarca,Chota,Tacabamba,-6.39278,-78.6114,,,
San Miguel Arcangel (patronal),Setiembre,25,Cajamarca,Chota,Tacabamba,-6.39278,-78.6114,,,
Virgen del Cisne (patronal),Setiembre,7,Cajamarca,Chota,Tocmoche,-6.4124146,-79.3610823,,,
San Carlos (Patronal),Noviembre,4,Cajamarca,Hualgayoc,Bambamarca,-6.67953,-78.5192,,,
Virgen del Carmen (Patronal),Julio,15-21,Cajamarca,Hualgayoc,Bambamarca,-6.67953,-78.5192,,,
San Fernando (Patronal),Mayo,30,Cajamarca,Hualgayoc,Hualgayoc,-6.76472000,-78.081,,,
Semana Santa (Tradicional),Marzo/Abril,*,Cajamarca,Hualgayoc,Hualgayoc,-6.76472000,-78.081,,,
Virgen del Carmen (Patronal),Agosto/Setiembre,28-05,Cajamarca,Hualgayoc,Hualgayoc,-6.76472000,-78.081,,,
San Francisco (Patronal),Octubre,4,Cajamarca,Hualgayoc,-,-6.76472000,-78.081,,,
San Isidro Labrador (Patronal),Mayo,15,Cajamarca,Jaen,Bellavista,-5.6655312,-78.6790817,,,
Señor de Huamantanga (Patronal),Setiembre,12-16,Cajamarca,Jaen,Jaen,-5.70729,-78.8009,,,
San Juan Bautista (patronal),Junio,24,Cajamarca,San Ignacio,Chirinos,-5.305116,-78.899951,,,
Virgen del Rosario (Patronal),Octubre,ter. Domingo,Cajamarca,San Ignacio,Chirinos,-5.305116,-78.899951,,,
San Francisco de Nueva Esperanza (patronal),Octubre,4,Cajamarca,San Ignacio,San Ignacio,-5.1450670,-79.000453,,,
San Ignacio (Patronal),Julio,31,Cajamarca,San Ignacio,San Ignacio,-5.1450670,-79.000453,,,
San Isidro Labrador (patronal),Mayo,15,Cajamarca,San Marcos,Ichocan,-7.36889,-78.12970,,,
Virgen del Rosario (Patronal),Octubre,2do. Domingo,Cajamarca,San Marcos,Ichocan,-7.33527778,-78.16972222,,,
Las Cruces (fradicional),Mayo,3,Cajamarca,San Marcos,-,-7.33527778,-78.16972222,,,
San Isidro Labrador (Patronal),Mayo,15,Cajamarca,San Marcos,-,-7.33527778,-78.16972222,,,
San Marcos (Patronal),Abril,25,Cajamarca,San Marcos,-,-7.33527778,-78.16972222,,,
Jesus Nazareno (Patronal),Agosto,27-30,Cajamarca,San Miguel,Llapa,"-6,980,099","-78,808,410",,,
San Francisco de Asis (Patronal),Octubre,24,Cajamarca,San Miguel,Nanchoc,"-6,959,625","-79,242,130",,,
San Juan de Dios (Patronal),Octubre,24,Cajamarca,San Miguel,Niepos,"-6,926,785","-79,129,019",,,
San Gregorio (Patronal),Octubre,14,Cajamarca,San Miguel,San Gregorio,"-7,057,296","-79,095,494",,,
Semana Santa (Tradicional),Marzo/Abril,*,Cajamarea,San Miguel,San Gregorio,"-7,057,296","-79,095,494",,,
San Miguel Arcangel (Patronal),Setiembre,18-30,Cajamarca,San Miguel,San Miguel,"-7,001,239","-78,851,121",,,
Las Tres Cruces (Tradicional),Mayo,3,Cajamarca,San Pablo,San Pablo,"-7,115,734","-78,823,605",,,
San Juan Bautista (Patronal),Junio,20-26,Cajamarca,San Pablo,San Pablo,"-7,115,734","-78,823,605",,,
San Pablo (Patronal),Julio,13,Cajamarea,San Pablo,San Pablo,"-7,115,734","-78,823,605",,,
Señor de los Milagros (Tradicional),Setiembre,14,Cajamarca,San Pablo,San Pablo,"-7,115,734","-78,823,605",,,
San Roque (Patronal),Enero,1,Cajamares,Santa Cruz,Santa Cruz,-6.625924,-78.945,,,
Semana Santa (Tradicional),Marzo/Abril,*,Cajamarea,Santa Cruz,Santa Cruz,-6.625924,-78.945,,,
Señor del Costado (Patronal),Setiembre/Octubre,27 al 4,Cajamarea,Santa Cruz,Santa Cruz,-6.625924,-78.945,,,
San Pedro y San Pablo (Patronal),Junio,29,Callao,Callao,Callao,-12.05083333,-77.12583333,,,
Señor del Mar (Patronal),Octubre,28,Callao,Callao,Callao,-12.05083333,-77.12583333,,,
Virgen del Carmen (Patronal),Julio,16,Callao,Callao,Callao,-12.05083333,-77.12583333,,,
San Isidro Labrador (Patronal),Mayo,15,Cuzco,Anta,Cachimayo,-13.4791332,-72.0659137,,,
San Bartolome (Patronal),Agosto,24,Cuzco,Calca,-,-13.31930278,-71.95465556,,,
uno urco (Tradicional),Setiembre,18,Cuzco,Calca,-,-13.31930278,-71.95465556,,,
Virgen de la Inmaculada Concepcion (Patronal),Diciembre,8,Cuzco,Calca,-,-13.31930278,-71.95465556,,,
San Isidro Labrador (Patronal),Mayo,15,Cuzco,Calca,Pisac,-13.4217223,-71.8514442,,,
Tambo Huacso (Tradicional),Diciembre,15,Cuzco,Calca,Pisac,-13.4217223,-71.8514442,,,
San Antonio de Padua (Patronal),Junio,13,Cuzco,Calca,San Salvador,-13.4921119,-71.7791533,,,
San Isidro Labrador (Patronal),Mayo,15,Cuzco,Calca,San Salvador,-13.4921119,-71.7791533,,,
Señor de Huancas (Patronal),Setiembre,14,Cuzco,Calca,San Salvador,-13.4921119,-71.7791533,,,
Virgen de las Mercedes (Patronal),Setiembre,24,Cuzco,Calca,San Salvador,-13.4921119,-71.7791533,,,
San Antonio de Padua (Patronal),Junio,13,Cuzco,Calca,Taray,-13.4283176,-71.8671942,,,
San Isidro Labrador (Patronal),Mayo,15,Cuzco,Calca,Taray,-13.4283176,-71.8671942,,,
San Miguel Arcangel (Patronal),Setiembre,29,Cuzco,Calca,Taray,-13.4283176,-71.8671942,,,
Chariaxe (Tradicional),Enero,20,Cuzco,Canas,Langui,-14.4325814,-71.2726665,,,
Luchas de Toccto (Tradicional),Febrero,2,Cuzco,Canas,-,-14.21805556,-71.43166667,,,
San Hilarion (Patronal),Enero,14,Cuzco,Canas,Pampamarca,-14.1453303,-71.4593563,,,
Señor de la Exaltacion (Patronal),Setiembre,15,Cuzco,Canas,Pampamarca,-14.1453303,-71.4593563,,,
Cambio de Varas de Mando (Tradicional),Enero,1,Cuzco,Canas,Yanaoca,-14.2167,-71.4322,,,
Folklorico de las Provincias Altas (Tradicional),Noviembre,4,Cuzco,Canas,Yanaoca,-14.2167,-71.4322,,,
Luchas de Toccto (Tradicional),Febrero,2,Cuzco,Canas,Yanaoca,-14.2167,-71.4322,,,
San Hilarion (Patronal),Enero,14,Cuzco,Canas,Yanaoca,-14.2167,-71.4322,,,
Virgen de la Calendaria (Patronal),Febrero,2,Cuzco,Canas,Yanaoca,-14.2167,-71.4322,,,
San Isidro Labrador (Patronal),Mayo,15,Cuzco,Canchis,Combapata,-14.1019,-71.4310884,,,
San Nicolas (Patronal),Diciembre,6,Cuzco,Canchis,Combapata,-14.1019,-71.4310884,,,
Virgen de las Nieves (Patronal),Agosto,5,Cuzco,Canchis,Combapata,-14.1019,-71.4310884,,,
San Lorenzo (Patronal),Agosto,10,Cuzco,Canchis,Checcacupe,-14.1019,-71.4310884,,,
Virgen de la Inmaculada Concepcion (Patronal),Diciembre,8,Cuzco,Canchis,-,-14.283611111111,-71.223888888889,,,
Virgen de las Nieves (Patronal),Agosto,5,Cuzco,Canchis,-,-14.283611111111,-71.223888888889,,,
San Bartolome (Patronal),Agosto,24,Cuzco,Canchis,Pitumarca,-13.9803,-71.4175,,,
San Miguel (patronal),Octubre,11,Cuzco,Canchis,Pitumarca,-13.9803,-71.4175,,,
San Isidro Labrador (patronal),Mayo,15,Cuzco,Canchis,San Pedro,-14.186092900,-71.3434124,,,
San Pedro y San Pablo (Patronal),Junio,29,Cuzco,Canchis,San Pedro,-14.186092900,-71.3434124,,,
San Francisco de Asis (patronal),Octubre,4,Cuzco,Canchis,Tinta,-14.1440247,-71.4055109,,,
San Isidro Labrador (Patronal),Mayo,15,Cuzco,Canchis,Tinta,-14.1440247,-71.4055109,,,
Virgen de las Nieves (Patronal),Agosto,5,Cuzco,Canchis,Tinta,-14.1440247,-71.4055109,,,
Corpus Christi (Tradicional),Junio,22,Cuzco,Cuzco,Cuzco,-13.522222,-71.983333,,,
Corpus Christi (Tradicional),Junio,22,Cuzco,Cuzco,Cuzco,-13.522222,-71.983333,,,
Corpus Christi de San Cristobal (Tradicional),Agosto,2,Cuzco,Cuzco,Cuzco,-13.522222,-71.983333,,,
Corpus Christi de Santa Ana (Tradicional),Julio,26,Cuzco,Cuzco,Cuzco,-13.522222,-71.983333,,,
Corpus Christi de Santiago (Tradicional),Julio,25,Cuzco,Cuzco,Cuzco,-13.522222,-71.983333,,,
Domingo de Ramos (Tradicional),Abril,2,Cuzco,Cuzco,Cuzco,-13.522222,-71.983333,,,
Domingo de Ramos (Tradicional),Abril,2,Cuzco,Cuzco,Cuzco,-13.522222,-71.983333,,,
Las Cruces (Tradicional),Mayo,3,Cuzco,Cuzco,Cuzco,-13.522222,-71.983333,,,
San Juan Bautista (patronal),Junio,24,Cuzco,Cuzco,Cuzco,-13.522222,-71.983333,,,
Santa Rosa de Lima (Patronal),Agosto,30,Cuzco,Cuzco,Cuzco,-13.522222,-71.983333,,,
Semana Santa (Tradicional),Abril,3,Cuzco,Cuzco,Cuzco,-13.522222,-71.983333,,,
Semana Santa (Tradicional),Abril,6,Cuzco,Cuzco,Cuzco,-13.522222,-71.983333,,,
Semana Santa (Tradicional),Abril,7,Cuzco,Cuzco,Cuzco,-13.522222,-71.983333,,,
Semana Santa (Tradicional),Abril,9,Cuzco,Cuzco,Cuzco,-13.522222,-71.983333,,,
Todos los Santos (Tradicional),Diciembre,23-24,Cuzco,Cuzco,Cuzco,-13.522222,-71.983333,,,
Virgen de la Asunta (Patronal),Agosto,15,Cuzco,Cuzco,Cuzco,-13.522222,-71.983333,,,
Virgen del Buen Suceso (Patronal),Junio,23,Cuzco,Cuzco,Cuzco,-13.522222,-71.983333,,,
Virgen del Buen Suceso (Patronal),Junio,23,Cuzco,Cuzco,Cuzco,-13.522222,-71.983333,,,
Virgen del Cannen (Patronal),Julio,16,Cuzco,Cuzco,Cuzco,-13.522222,-71.983333,,,
Corpus Christi de la Almudena (Tradicional),Setiembre,8,Cuzco,Cuzco,-,-13.522222,-71.983333,,,
Cuaresma (Tradicional),Marzo,12,Cuzco,Cuzco,-,-13.522222,-71.983333,,,
Cuaresma (Tradicional),Marzo,19,Cuzco,Cuzco,-,-13.522222,-71.983333,,,
Miercoles de Ceniza (Tradicional),Febrero,25,Cuzco,Cuzco,-,-13.522222,-71.983333,,,
Navidad (Tradicional),Diciembre,25,Cuzco,Cuzco,-,-13.522222,-71.983333,,,
Nifto Jesus (Patronal),Febrero,3,Cuzco,Cuzco,-,-13.522222,-71.983333,,,
Perchhapehiy (fradicional),Enero,20,Cuzco,Cuzco,-,-13.522222,-71.983333,,,
Primer Domingo de Cuaresma (Tradicional),Marzo,12,Cuzco,Cuzco,-,-13.522222,-71.983333,,,
Quincuagesima (Tradicional),Marzo,5,Cuzco,Cuzco,-,-13.522222,-71.983333,,,
Reina de Belen (patronal),Enero,30,Cuzco,Cuzco,-,-13.522222,-71.983333,,,
Reyes Magos (Tradicional),Enero,6,Cuzco,Cuzco,-,-13.522222,-71.983333,,,
Reyes Magos (Tradicional),Enero,6,Cuzco,Cuzco,-,-13.522222,-71.983333,,,
San Aotonio Abad (Patronal),Enero,17,Cuzco,Cuzco,-,-13.522222,-71.983333,,,
San Jose (Patronal),Marzo,19,Cuzco,Cuzco,-,-13.522222,-71.983333,,,
Segtmdo Domingo de Cuaresma (Tradicional),Marzo,19,Cuzco,Cuzco,-,-13.522222,-71.983333,,,
Señor de la Exaltacion (Patronal),Setiembre,15,Cuzco,Cuzco,-,-13.522222,-71.983333,,,
Señor del Cabildo (Patronal),Enero,3,Cuzco,Cuzco,-,-13.522222,-71.983333,,,
Todos los Santos (Tradicional),Noviembre,1,Cuzco,Cuzco,-,-13.522222,-71.983333,,,
Todos los Santos (Tradicional),Noviembre,2,Cuzco,Cuzco,-,-13.522222,-71.983333,,,
Virgen de la Almndena (Patronal),Setiembre,8,Cuzco,Cuzco,-,-13.522222,-71.983333,,,
Virgen del Rosario (patronal),Octubre,7,Cuzco,Cuzco,-,-13.522222,-71.983333,,,
Corpus Christi de San Jeronimo (Tradicional),Setiembre,30,Cuzco,Cuzco,San Jeronimo,-13.5520509,-71.8813133,,,
Cristo Rey (Tradicional),Octubre,31,Cuzco,Cuzco,San Sebastian,-13.5361966,-71.9261169,,,
San Agostin (Patronal),Agosto,28,Cuzco,Cuzco,San Sebastian,-13.5361966,-71.9261169,,,
San Isidro Labrador (Patronal),Mayo,15,Cuzco,Cuzco,San Sebastian,-13.5361966,-71.9261169,,,
San Sebastian (patronal),Enero,20,Cuzco,Cuzco,San Sebastian,-13.5361966,-71.9261169,,,
Santa Barbara (Patronal),Diciembre,4,Cuzco,Cuzco,San Sebastian,-13.5361966,-71.9261169,,,
Cambio de Varas de Mando (Tradicional),Enero,1,Cuzco,Chumbivilcas,Livitaca,-14.3143714,-71.6887093,,,
Luchas de Toccto (Tradicional),Febrero,2,Cuzco,Chumbivilcas,-,-14.45085556,-72.08240278,,,
Virgen del Carmen (Patronal),Julio,15-18,Cuzco,Paucartambo,Paucartambo,-13.319889,-71.592753,,,
Pachamama Rayrni (Tradicional),Agosto,1,Cuzco,Quispicanchi,Ccatcca,-13.6343928,-71.5289783,,,
Virgen de la Inmaculada Concepcion (Patronal),Diciembre,8,Cuzco,Quispicanchi,-,-13.7,-71.64,,,
Sefior de CoyIlor Ritti (Tradicional),Junio,20,Cuzco,Quispicanchi,Ocongate,-13.6293047,-71.3859844,,,
Tantarayrni (Tradicional),Octubre,4-5,Cuzco,Quispicanchi,Oropesa,-13.5964374,-71.7654419,,,
San Antonio Abad (Patronal),Enero,17,Cuzco,Quispicanchi,Quiquijana,-13.8220365,-71.5416384,,,
Señor del Cabildo (Patronal),Enero,3,Cuzco,Quispicanchi,Quiquijana,-13.8220365,-71.5416384,,,
Virgen de la Calendaria (Patronal),Febrero,2,Cuzco,Quispicanchi,Quiquijana,-13.8220365,-71.5416384,,,
San Francisco de Asis (Patronal),Octubre,4,Cuzco,urubamba,Maras,-13.3361125,-72.1566153,,,
Akha Raymi (Tradicional),Noviembre,15,Cuzco,urubamba,-,-13.31033333,-72.12,,,
Ouantay Raymi (Tradicional),Junio,29,Cuzco,urubamba,Ollantaytambo,-13.2573858,-72.2631311,,,
Espiritu Santo Toro Toro (Tradicional),Mayo/Junio,*,Huancavelica,Huancavelica,-,-12.78583333,-74.97277778,,,
Espiritu Santo-Toro Toro (patronal),Mayo/Junio,*,Huancavelica,Huancavelica,-,-12.78583333,-74.97277778,,,
Niño Occe o Reyes Magos (Patronal),Enero,6,Huancavelica,Huancavelica,-,-12.78583333,-74.97277778,,,
Semana Santa (Tradicional),Marzo/Abril,*,Huancavelica,Huancavelica,-,-12.78583333,-74.97277778,,,
Todos los Santos (Tradicional),Noviembre,1,Huancavelica,Huancavelica,-,-12.78583333,-74.97277778,,,
San Juan (Patronal),Junio,24,Huanuco,Ambo,Colpas,-10.2683,-76.4153,,,
Virgen de las Nieves (Patronal),Agosto,5,Huanuco,Ambo,Colpas,-10.2683,-76.4153,,,
San Miguel Arcangel (Patronal),Setiembre,23,Huanuco,Ambo,Huacar,-10.1594,-76.2367,,,
Señor de Chacos (Patronal),Mayo,1,Huanuco,Ambo,San Rafael,-10.3378,76.1822,,,
Virgen de las Mercedes (patronal),Setiembre,24,Huanuco,Dos de Mayo,Ripan,-9.82861,-76.8031,,,
Virgen de la Candelaria (Patronal),Febrero,2,Huanuco,Huamalies,Llata,-9.54972,-76.8186,,,
Santa Rosa (Patronal),Febrero,30,Huanuco,Huamalies,Monzon,-9.27965,-76.396358,,,
San Pedro (Patronal),Junio,29,Huanuco,Huanuco,Chinchao (Acomayo),-9.775869,-76.085747,,,
San Juan (Patronal),Junio,20-24,Huanuco,Huanuco,Chinchao (Tingo Maria),-9.29532,-75.99574,,,
Señor de Churubamba (Patronal),Octubre,03-04,Huanuco,Huanuco,Churubamba,-9.82611,-76.1339,,,
San Pedro (Patronal),Junio,29,Huanuco,Huanuco,Margos (Chaulan),-10.05616,-76.48528,,,
Afio Nuevo (Tradicional),Enero,1,Huanuco,Huanuco,-,-9.93062,-76.24223,,,
Las Cruces (Tradicional),Mayo,*,Huanuco,Huanuco,-,-9.93062,-76.24223,,,
Navidad (Tradicional),Diciembre,24-25,Huanuco,Huanuco,-,-9.93062,-76.24223,,,
San Pedro y San Pablo (Patronal),Julio,29,Huanuco,Huanuco,-,-9.93062,-76.24223,,,
Semana Santa (Tradicional),Abril,*,Huanuco,Huanuco,-,-9.93062,-76.24223,,,
Virgen del Cannen (Patronal),Julio,16,Huanuco,Huanuco,-,-9.93062,-76.24223,,,
Santa Maria (patronal),Setiembre,20-31,Huanuco,Huanuco,Santa Maria del Valle,-9.86275,-76.16998,,,
Señor de Bafios (Patronal),Mayo,01-07,Huanuco,Lauricocha,-,-10.033888888889,-76.581944444444,,,
Virgen de la Candelaria (Patronal),Febrero,2,Huanuco,Pachitea,Chaglla,-9.84495,-75.903,,,
Bajada de Reyes (Tradicional),Enero,6,Ica,Ica,Ica,-14.06777,75.72861,,,
Las Cruces (Tradicional),Mayo,3,Ica,Ica,-,-14.1737219,-75.3779765,,,
Virgen de Yauca (Tradicional),Agosto,1er domingo,Ica,Ica,Yauca,-11.95771,-75.368010,,,
San Isidro Labrador (patronal),Julio,10,Junin,Concepcion,Aco,-11.95771,-75.368010,,,
San Isidro Labrador (Patronal),Mayo,13,Junin,Concepcion,Aco,-11.95771,-75.368010,,,
San Locas (Patronal),Octubre,18,Junin,Concepcion,Aco,-11.95771,-75.368010,,,
San Lucas (Patronal),Octubre,18,Junin,Concepcion,Ahuac (Huarisca),-12.0858,-75.3211,,,
San Juan Bautista (patronal),Junio,4,Junin,Concepcion,Concepcion,-11.91762,-75.31401,,,
San Pedro y San Pablo (Patronal),Junio,29,Junin,Concepcion,Concepcion,-11.91762,-75.31401,,,
Santa Cruz (patronal),Setiembre,15,Junin,Concepcion,Concepcion,-11.91762,-75.31401,,,
Santa Rosa de Ocopa (Patronal),Diciembre,25,Junin,Concepcion,Concepcion,-11.91762,-75.31401,,,
Virgen de la Candelaria (Patronal),Febrero,8,Junin,Concepcion,Concepcion,-11.91762,-75.31401,,,
Virgen de la Inmaculada Concepcion (Patronal),Diciembre,8,Junin,Concepcion,Concepcion,-11.91762,-75.31401,,,
Virgen de la Magdalena (Patronal),Julio,23,Junin,Concepcion,Concepcion,-11.91762,-75.31401,,,
Virgen de Lourdes (Patronal),Enero,11,Junin,Concepcion,Concepcion,-11.91762,-75.31401,,,
Virgen de Lourdes (Patronal),Febrero,11,Junin,Concepcion,Concepcion,-11.91762,-75.31401,,,
Santa Cruz (Patronal),Setiembre,14,Junin,Concepcion,Concepcion,-11.91762,-75.31401,,,
San Antonio de Padua (Patronal),Junio,13,Junin,Concepcion,Chambara,-12.0272,"-753,753",,,
Virgen de Cocharcas (patronal),Setiembre,15,Junin,Concepcion,Chambara,-12.0272,"-753,753",,,
Niño Jesus (Patronal),Enero,8,Junin,Concepcion,Heroinas Toledo,-11.8356,-75.2908,,,
San Antonio de Padua (Patronal),Junio,13,Junin,Concepcion,Heroinas Toledo,-11.8356,-75.2908,,,
Virgen del Carmen (Patronal),Julio,16,Junin,Concepcion,Heroinas Toledo,-11.8356,-75.2908,,,
San Isidro Labrador (Patronal),Julio,18,Junin,Concepcion,Manzanares,-12.0161,-75.3458,,,
San Miguel Arcangel (Patronal),Agosto,11-13,Junin,Concepcion,Manzanares,-12.0161,-75.3458,,,
San Sebastian y San Fabian (Patronal),Enero,20,Junin,Concepcion,Matahuasi,-11.88185,-75.35743,,,
Señor de Muruhuay (Patronal),Mayo,26,Junin,Concepcion,Matahuasi,-11.88185,-75.35743,,,
Virgen de la Asuncion (Patronal),Agosto,15,Junin,Concepcion,Matahuasi,-11.88185,-75.35743,,,
Virgen de la Candelaria (Patronal),Febrero,8,Junin,Concepcion,Matahuasi,-11.88185,-75.35743,,,
Virgen de la Asuncion (Patronal),Movil,,Junin,Concepcion,Mito,-11.93655,-75.33803,,,
San Francisco de Asis (Patronal),Octubre,4,Junin,Concepcion,Orcotuna,-11.96892,-75.3093,,,
Virgen de Cocharcas (Patronal),Septiembre,8,Junin,Concepcion,Orcotuna,-11.96892,-75.3093,,,
San Roque (Patronal),Agosto,16,Junin,Concepcion,San Jose de Quero,-12.0855,-75.53571,,,
San Santiago de Quero (Patronal),Marzo,19,Junin,Concepcion,San Jose de Quero,-12.0855,-75.53571,,,
Santa Rosa (Patronal),Agosto,30,Junin,Concepcion,San Jose de Quero,-12.0855,-75.53571,,,
San Miguel Arcangel (Patronal),Septiembre,28,Junin,Concepcion,Santa Rosa de Ocopa,-11.86993,-75.30685,,,
Santa Rosa de Lima (Patronal),Agosto,30,Junin,Concepcion,Santa Rosa de Ocopa,-11.86993,-75.30685,,,
Santa Rosa de Ocopa (Patronal),Diciembre,25,Junin,Concepcion,Santa Rosa de Ocopa,-11.86993,-75.30685,,,
San Martin de Porres (Patronal),Noviembre,3,Junin,Concepcion,Santa Rosa de Ocopa,-11.86993,-75.30685,,,
San Isidro Labrador (Patronal),Septiembre,18,Junin,Chupaca,3 de diciembre,-12.10966,-75.24523,,,
San Pedro y San Pablo (Patronal),Junio,29,Junin,Chupaca,3 de diciembre,-12.10966,-75.24523,,,
Virgen de Cocharcas (Patronal),Septiembre,8,Junin,Chupaca,3 de diciembre,-12.10966,-75.24523,,,
Niño Jesus de Praga (Patronal),Enero,1,Junin,Chupaca,Ahuac,-12.0813726,-75.3188324,,,
San Juan Bautista (Patronal),Junio,4,Junin,Chupaca,Ahuac,-12.0813726,-75.3188324,,,
San Pedro y San Pablo (Patronal),Junio,29,Junin,Chupaca,Ahuac,-12.0813726,-75.3188324,,,
San Sebastian y Niño de Praga (Patronal),Movil,,Junin,Chupaca,Ahuac,-12.0813726,-75.3188324,,,
San Sebastian y Niño de Praga (Patronal),Movil,,Junin,Chupaca,Ahuac,-12.0813726,-75.3188324,,,
Virgen de Cocharcas (Patronal),Septiembre,15,Junin,Chupaca,Chongos Bajo,-12.1330053,-75.2682996,,,
San Pedro y San Pablo (Patronal),Junio,29,Junin,Chupaca,Chongos Bajo,-12.1330053,-75.2682996,,,
Santa Rosa de Lima (Patronal),Agosto,30,Junin,Chupaca,Chongos Bajo,-12.1330053,-75.2682996,,,
Santiago de Leon de Chongos,Julio,25,Junin,Chupaca,Chongos Bajo,-12.1330053,-75.2682996,,,
Semana Santa (Tradicional),Marzo/Abril,,Junin,Chupaca,Chongos Bajo,-12.1330053,-75.2682996,,,
Semana Santa (Tradicional),Movil,,Junin,Chupaca,Chongos Bajo,-12.1330053,-75.2682996,,,
Virgen del Carmen (Patronal),Julio,24,Junin,Chupaca,Chupaca,-12.062152,-75.2887917,,,
San Juan Bautista (Patronal),Junio,4,Junin,Chupaca,Chupaca,-12.062152,-75.2887917,,,
San Lucas (Patronal),Septiembre,18,Junin,Chupaca,Chupaca,-12.062152,-75.2887917,,,
Virgen de Chapi (Patronal),Mayo,2,Junin,Chupaca,Chupaca,-12.062152,-75.2887917,,,
Virgen de la Merced (Patronal),Septiembre,18,Junin,Chupaca,Chupaca,-12.062152,-75.2887917,,,
Virgen de Lourdes (Patronal),Febrero,11,Junin,Chupaca,Chupaca,-12.062152,-75.2887917,,,
Virgen de Cocharcas (Patronal),Septiembre,8,Junin,Chupaca,Chupaca (Marcahuasi),-12.062152,-75.2887917,,,
Virgen de la Candelaria (Patronal),Febrero,8,Junin,Chupaca,Huachac,-12.0187538,-75.3477573,,,
San Juan Bautista (Patronal),Junio,4,Junin,Huancayo,San Juan de Iscos,-12.0983,-75.2928,,,
San Juan Bautista (Patronal),Junio,4,Junin,Huancayo,Carhuacallanga,-12.355,-75.2006,,,
Señor de Chiple (Patronal),Setiembre,15,Junin,Huancayo,Colca,-12.3178,-75.2231,,,
Virgen de la Asuncion (Patronal),Agosto,24,Junin,Huancayo,Cullhuas,-12.2206,-75.1669,,,
Virgen de la Candelaria (Patronal),Febrero,8,Junin,Huancayo,Chacapampa,-12.345,-75.2475,,,
Virgen del Rosario (Patronal),Setiembre,15,Junin,Huancayo,Chicche,-11.7861,-75.3817,,,
Cruz de Chilca (Tradicional),Mayo,18,Junin,Huancayo,Chilca,-12.0867,-75.2083,,,
Señor de Chilca (Patronal),Junio,29,Junin,Huancayo,Chilca,-12.0867,-75.2083,,,
Señor de la Caña (Patronal),Agosto,08-10,Junin,Huancayo,Chupuro,-12.1556,-75.2456,,,
Señor de la Caña (Patronal),Mayo,15,Junin,Huancayo,Chupuro,-12.1556,-75.2456,,,
Virgen del Carmen (Patronal),Julio,16,Junin,Huancayo,El Tambo,-12.0503,-75.2214,,,
Señor Padre Eterno (Patronal),Junio,3,Junin,Huancayo,Huacrapuquio,-12.1711,-75.2208,,,
San Roque Octava (Patronal),Agosto,16,Junin,Huancayo,Huallhuas,-11.9714,-75.2508,,,
Las Cruces (Tradicional),Mayo,1,Junin,Huancayo,Huancayo,-12.06513,-75.20486,,,
San Bartolome (Patronal),Agosto,24,Junin,Huancayo,Huancayo,-12.06513,-75.20486,,,
Señor de la Asuncion (Patronal),Movil,,Junin,Huancayo,Huancayo,-12.06513,-75.20486,,,
Cruz de Villa Xauxa (Tradicional),Mayo,3,Junin,Huancayo,Huancayo,-12.06513,-75.20486,,,
Cruz del Cerrito (Tradicional),Mayo,2,Junin,Huancayo,Huancayo,-12.06513,-75.20486,,,
Las Cruces (Tradicional),Mayo,20,Junin,Huancayo,Huancayo,-12.06513,-75.20486,,,
Las Cruces (Tradicional),Mayo,01-02,Junin,Huancayo,Huancayo,-12.06513,-75.20486,,,
Las Cruces (Tradicional),Mayo,8,Junin,Huancayo,Huancayo,-12.06513,-75.20486,,,
Santisima Trinidad (Patronal),Junio,29,Junin,Huancayo,Huancayo,-12.06513,-75.20486,,,
Señor de los Milagros (Tradicional),Octubre,18,Junin,Huancayo,Huancayo,-12.06513,-75.20486,,,
Señor de los Milagros (Tradicional),Octubre,28,Junin,Huancayo,Huancayo,-12.06513,-75.20486,,,
Señor Padre Eterno (Patronal),Junio,3,Junin,Huancayo,Huancayo,-12.06513,-75.20486,,,
Virgen de Chapi-Iglesia Pichcus (Patronal),Abril,22-30,Junin,Huancayo,Huancayo,-12.06513,-75.20486,,,
Virgen de Lourdes (Patronal),Febrero,11,Junin,Huancayo,Huancayo,-12.06513,-75.20486,,,
Señor de Tayta Padre (Patronal),Junio,15,Junin,Huancayo,Huayucachi,-12.1386,-75.2236,,,
San Lucas (Patronal),Octubre,18,Junin,Huancayo,Ingenio,-11.8906,-75.2664,,,
Virgen del Pilar (Patronal),Octubre,18,Junin,Huancayo,Ingenio,-11.8906,-75.2664,,,
Señor Padre Eterno (Patronal),Junio,3,Junin,Huancayo,n.d.,-12.06513,-75.20486,,,
Semana Santa (Tradicional),Marzo/Abril,*,Junin,Huancayo,n.d.,-12.06513,-75.20486,,,
Todos los Santos (Tradicional),Noviembre,1,Junin,Huancayo,n.d.,-12.06513,-75.20486,,,
Navidad (Tradicional),Diciembre,25,Junin,Huancayo,n.d.,-12.06513,-75.20486,,,
Santo Domingo de Guzman (Patronal),Agosto,4,Junin,Huancayo,Pariahuanca,-11.9808,-74.8967,,,
Las Cruces (Tradicional),Mayo,26,Junin,Huancayo,Pilcomayo,-12.0494,-75.2506,,,
Las Cruces (Tradicional),Mayo,26,Junin,Huancayo,Pilcomayo,-12.0494,-75.2506,,,
San Cristobal (Patronal),Setiembre,16,Junin,Huancayo,Pilcomayo,-12.0494,-75.2506,,,
Virgen de Cocharcas (Patronal),Setiembre,15,Junin,Huancayo,Pucara,-12.1722,-75.1453,,,
San Cristobal de Pucara (Patronal),Mayo,4,Junin,Huancayo,Pucara,-12.1722,-75.1453,,,
Santa Rosa de Lima (Patronal),Agosto,30,Junin,Huancayo,Pucara,-12.1722,-75.1453,,,
Virgen de la Candelaria (Patronal),Febrero,2,Junin,Huancayo,Pucara,-12.1722,-75.1453,,,
San Isidro Labrador (Patronal),Setiembre,07-10,Junin,Huancayo,Quichuay,-11.88954,-75.28842,,,
Virgen de la Natividad (Patronal),Setiembre,07-10,Junin,Huancayo,Quichuay,-11.88954,-75.28842,,,
San Pedro de Quilcas (Patronal),Julio,6,Junin,Huancayo,Quilcas,-11.9380665,-75.2609825,,,
San Roque Octava (Patronal),Agosto,16,Junin,Huancayo,Quilcas,-11.9380665,-75.2609825,,,
San Isidro Labrador (Patronal),Julio,18,Junin,Huancayo,San Jeronimo de Tunan,-11.9491929,-75.2844143,,,
San Jeronimo (Patronal),Setiembre,30,Junin,Huancayo,San Jeronimo de Tunan,-11.9491929,-75.2844143,,,
San Roque (Patronal),Agosto,16,Junin,Huancayo,San Jeronimo de Tunan,-11.9491929,-75.2844143,,,
Santo Domingo de Guzman (Patronal),Agosto,4,Junin,Huancayo,Santo Domingo de Acobamba,-11.76892,-74.79426,,,
Las Cruces (Tradicional),Mayo,1,Junin,Huancayo,Sapallanga,-12.148424,-75.1587582,,,
San Sebastian y San Fabian (Patronal),Enero,20,Junin,Huancayo,Sapallanga,-12.148424,-75.1587582,,,
Santisima Trinidad (Patronal),Movil,,Junin,Huancayo,Sapallanga,-12.148424,-75.1587582,,,
Santo Cristo (Patronal),Agosto,24,Junin,Huancayo,Sapallanga,-12.148424,-75.1587582,,,
Virgen de Cocharcas (Patronal),Setiembre,8,Junin,Huancayo,Sicaya,-12.016655,-75.2783203,,,
Niño Jesus (Patronal),Enero,1,Junin,Huancayo,Sicaya,-12.016655,-75.2783203,,,
San Sebastian y San Fabian (Patronal),Enero,20,Junin,Huancayo,Sicaya,-12.016655,-75.2783203,,,
Santa Rosa de Lima (Patronal),Agosto,30,Junin,Huancayo,Sicaya,-12.016655,-75.2783203,,,
Santo Domingo de Guzman (Patronal),Agosto,4,Junin,Huancayo,Sicaya,-12.016655,-75.2783203,,,
Santa Barbara (Patronal),Diciembre,4,Junin,Huancayo,Sicaya,-12.016655,-75.2783203,,,
San Agustin (Patronal),Setiembre,1,Junin,Huancayo,Viques,-12.1621846,-75.2292252,,,
Virgen del Pilar (Patronal),Octubre,11,Junin,Huancayo,Viques,-12.1621846,-75.2292252,,,
San Juan Bautista (Patronal),Junio,4,Junin,Jauja,Acolla,-11.729762,-75.550753,,,
San Juan de Dios (Patronal),Agosto,2,Junin,Jauja,Acolla,-11.729762,-75.550753,,,
Semana Santa (Tradicional),Marzo/Abril,Movil,Junin,Jauja,Acolla,-11.729762,-75.550753,,,
Semana Santa (Tradicional),Movil,,Junin,Jauja,Acolla,-11.729762,-75.550753,,,
Virgen de la Asuncion (Patronal),Agosto,15,Junin,Jauja,Acolla,-11.729762,-75.550753,,,
Virgen de las Nieves (Patronal),Agosto,05-08,Junin,Jauja,Acolla,-11.729762,-75.550753,,,
Virgen de las Nieves (Patronal),Agosto,8,Junin,Jauja,Acolla,-11.729762,-75.550753,,,
Virgen de Cocharcas (Patronal),Setiembre,8,Junin,Jauja,Apata,-11.8545,-75.3522,,,
Cruz de Mayo (Tradicional),Mayo,15,Junin,Jauja,Ataura,-11.8026768,-75.4414737,,,
Santa Rosa de Lima (Patronal),Agosto,30,Junin,Jauja,Ataura,-11.8026768,-75.4414737,,,
Virgen de la Natividad de Cocharcas (Patronal),Setiembre,15,Junin,Jauja,El Mantaro,-11.8221,-75.39191,,,
Virgen del Rosario (Patronal),Octubre,15,Junin,Jauja,El Mantaro,-11.8221,-75.39191,,,
San Cristobal (Patronal),Julio,25,Junin,Jauja,Huaripampa,-11.8078,-75.4711,,,
San Isidro Labrador (Patronal),Mayo,15,Junin,Jauja,Huaripampa,-11.8078,-75.4711,,,
San Miguel Arcangel (Patronal),Setiembre,29,Junin,Jauja,Huaripampa,-11.8078,-75.4711,,,
San Sebastian y San Fabian (Patronal),Enero,20,Junin,Jauja,Huaripampa,-11.8078,-75.4711,,,
Virgen de la Candelaria (Patronal),Enero,01-02,Junin,Jauja,Huaripampa,-11.8078,-75.4711,,,
Santa Ana (Patronal),Agosto,2,Junin,Jauja,Huertas,-11.76,-75.4697,,,
Santa Rosa (Patronal),Agosto,30,Junin,Jauja,Huertas,-11.76,-75.4697,,,
Virgen del Carmen (Patronal),Agosto,15,Junin,Jauja,Janjaillo,-11.7644,-75.6103,,,
Señor de Agonia (Patronal),Mayo,1,Junin,Jauja,Janjaillo,-11.7644,-75.6103,,,
Virgen del Rosario (Patronal),Octubre,12-13,Junin,Jauja,Jauja,-11.77584,-75.49656,,,
Bajada de Reyes (Tradicional),Enero,06-30,Junin,Jauja,Jauja,-11.77584,-75.49656,,,
Cruz de Espinas (Tradicional),Mayo,17,Junin,Jauja,Jauja,-11.77584,-75.49656,,,
Las Cruces (Tradicional),Mayo,1,Junin,Jauja,Jauja,-11.77584,-75.49656,,,
San Francisco (Patronal),Octubre,24-30,Junin,Jauja,Jauja,-11.77584,-75.49656,,,
San Judas Tadeo (Patronal),Octubre,24-30,Junin,Jauja,Jauja,-11.77584,-75.49656,,,
Virgen Chapetona (Patronal),Octubre,25,Junin,Jauja,Jauja,-11.77584,-75.49656,,,
Virgen del Rosario (Patronal),Octubre,20,Junin,Jauja,Jauja,-11.77584,-75.49656,,,
Bajada de Reyes (Tradicional),Enero,25-30,Junin,Jauja,Julcan,-11.7592,-75.4353,,,
Señor de Muruhuay (Patronal),Mayo,27,Junin,Jauja,Julcan,-11.7592,-75.4353,,,
San Antonio de Padua (Patronal),Junio,13,Junin,Jauja,Leonor Ordoñez,-11.8642,-75.4136,,,
Santa Rosa (Patronal),Agosto,30,Junin,Jauja,Llocllapampa,-11.8175,-75.6239,,,
Maria Magdalena (Patronal),Julio,22,Junin,Jauja,Marco,-11.7406,-75.5611,,,
Niño Jesus (Patronal),Enero,1,Junin,Jauja,Marco-Tragadero,-11.7406,-75.5611,,,
San Juan Bautista (Patronal),Junio,4,Junin,Jauja,Masma,-11.7861,-75.3817,,,
San Juan de Dios (Patronal),Agosto,2,Junin,Jauja,Masma,-11.7861,-75.3817,,,
Señor de Animas de Paca (Patronal),Mayo,24,Junin,Jauja,Masma,-11.7861,-75.3817,,,
Virgen de las Nieves (Patronal),Agosto,5,Junin,Jauja,Masma,-11.7861,-75.3817,,,
Virgen de las Mercedes (Patronal),Setiembre,24-28,Junin,Jauja,Muqui,-11.8333,-75.435,,,
Cruz de Mayo (Tradicional),Mayo,1,Junin,Jauja,Muquiyauyo,-11.8139,-75.4539,,,
Niño Jesus (Patronal),Diciembre,25,Junin,Jauja,Muquiyauyo,-11.8139,-75.4539,,,
Semana Santa (Tradicional),Marzo/Abril,Movil,Junin,Jauja,Muquiyauyo,-11.8139,-75.4539,,,
Semana Santa (Tradicional),Marzo/Abril,*,Junin,Jauja,Muquiyauyo,-11.8139,-75.4539,,,
Semana Santa-Domingo de Ramos (Tradicional),Marzo/Abril,*,Junin,Jauja,n.d.,-11.77584,-75.49656,,,
Virgen de las Nieves (Patronal),Agosto,5,Junin,Jauja,Paca,-11.7092,-75.5183,,,
Cruz de Huanca (Tradicional),Mayo,1,Junin,Jauja,Paccha,-11.8544,-75.5072,,,
Santa Rosa de Lima (Patronal),Setiembre,06-08,Junin,Jauja,Pancan,-11.7489,-75.4861,,,
San Antonio de Padua (Patronal),Junio,13-18,Junin,Jauja,Parco,-11.8011,-75.5428,,,
Cruz de Mayo (Tradicional),Mayo,27,Junin,Jauja,Pumananca,-11.1590,-75.99304,,,
San Pedro y San Pablo (Patronal),Junio,29,Junin,Jauja,San Pedro de Chunan,-11.7256,-75.4864,,,
San Roque (Patronal),Agosto,16,Junin,Jauja,Sincos,-11.8914,-75.3869,,,
San Juan Bautista (Patronal),Junio,4,Junin,Jauja,Tunanmarca,-11.72976,-75.57079,,,
Virgen de Cocharcas (Patronal),Setiembre,15,Junin,Jauja,Tunanmarca,-11.72976,-75.57079,,,
Virgen de la Natividad (Patronal),Setiembre,15,Junin,Jauja,Tunanmarca,-11.72976,-75.57079,,,
Virgen de la Natividad (Patronal),Setiembre,15,Junin,Jauja,Yauyos,-12.46388889,-75.92333333,,,
San Lucas (Patronal),Octubre,18,Junin,Jauja,Yauyos,-12.46388889,-75.92333333,,,
San Sebastian y San Fabian (Patronal),Enero,20,Junin,Jauja,Yauyos,-12.46388889,-75.92333333,,,
Señor de Muruhuay (Patronal),Mayo,01-31,Junin,Tarma,Acobamba,-11.35296,-75.66027,,,
San Agustin (Patronal),Setiembre,15,Junin,Tarma,San Pedro de Cajas,-11.2492,-75.8628,,,
San Agustin (Patronal),Agosto,28,Junin,Tarma,San Pedro de Cajas,-11.2492,-75.8628,,,
San Juan Bautista (Patronal),Junio,24,La Libertad,Ascope,Ascope,-7.71361,-79.1072,,,
Señor de la Misericordia (Patronal),Setiembre,15,La Libertad,Bolivar,uchumarca,-7.04709,-77.80326,,,
Semana Santa (Tradicional),Marzo/Abril,Movil,La Libertad,Chepen,Chepen,-7.22858,-79.42772,,,
San Juan Bautista (Patronal),Junio,24,La Libertad,Julcan,Julcan,-8.0748,-78.6075,,,
Virgen del Carmen (Patronal),Julio,18,La Libertad,Otuzco,Charat,-7.82359,-78.44769,,,
Virgen de la Puerta (Patronal),Diciembre,15,La Libertad,Otuzco,Otuzco,-7.90248,-78.56567,,,
San Pedro y San Pablo (Patronal),Junio,29,La Libertad,Pacasmayo,Pacasmayo,-7.40027778,-79.57,,,
San Isidro Labrador (Patronal),Mayo,,La Libertad,Sanchez Carrion,Chugay,-7.78236,-77.86762,,,
Virgen de la Alta Gracia (Patronal),Agosto,16,La Libertad,Sanchez Carrion,Huamachuco,-7.81544,-78.04865,,,
Santa Rosa de Lima (Patronal),Agosto,30,La Libertad,Santiago de Chuco,Angasmarca,-8.13275,-78.05531,,,
Santa Rosa de Lima (Patronal),Agosto,30,La Libertad,Santiago de Chuco,Cachicadan,-8.09463,-78.1489,,,
Virgen del Carmen (Patronal),Setiembre,24,La Libertad,Santiago de Chuco,Santa Cruz de Chuca,-8.12028,-78.1422,,,
Virgen del Rosario (Patronal),Octubre,23,La Libertad,Santiago de Chuco,Santiago de Chuco,-8.14528,-78.1736,,,
San Santiago (Patronal),Julio,25,La Libertad,Trujillo,Chicama (Chiclin),-7.84343,-79.14489,,,
Señor de la Caña (Patronal),Junio,,La Libertad,Trujillo,Huanchaco,-8.07945,-79.11992,,,
Virgen del Rosario (Patronal),Diciembre,,La Libertad,Trujillo,Moche,-8.17061667,-79.00943056,,,
Cristo Rey (Tradicional),Agosto,6,La Libertad,Trujillo,Moche,-8.17061667,-79.00943056,,,
San Isidro Labrador (Patronal),Abril/Mayo,,La Libertad,Trujillo,Moche (Huaman),-8.17061667,-79.00943056,,,
Señor de Huaman (Patronal),Mayo,,La Libertad,Trujillo,Viru,-8.41427,-78.75209,,,
Santa Catalina (Patronal),Noviembre,28,Lambayeque,Chiclayo,Chongoyape,-6.64356,-79.3851,,,
Cruz de Mayo (Tradicional),Noviembre,29,Lambayeque,Chiclayo,Chongoyape,-6.64356,-79.3851,,,
Niño del Milagro (Patronal),Enero,22,Lambayeque,Chiclayo,Eten,-6.910903,-79.863158,,,
Niño del Milagro (Patronal),Julio,22,Lambayeque,Chiclayo,Eten,-6.910903,-79.863158,,,
Santa Maria Magdalena (Patronal),Julio,22,Lambayeque,Chiclayo,Eten,-6.910903,-79.863158,,,
Señor de la Buena Muerte (Patronal),Noviembre,2,Lambayeque,Chiclayo,Eten,-6.910903,-79.863158,,,
Todos los Santos (Tradicional),Noviembre,,Lambayeque,Chiclayo,Eten,-6.910903,-79.863158,,,
Virgen del Carmen (Patronal),Julio,16,Lambayeque,Chiclayo,Jose Leonardo Ortiz,-6.7602444,-79.8355448,,,
Navidad (Tradicional),Diciembre,25,Lambayeque,Chiclayo,Lagunas (Cupi),-6.990054,-79.62179,,,
Santisima Cruz de ucupe (Tradicional),Mayo,4,Lambayeque,Chiclayo,Monsefu,-6.87431,-79.86871,,,
San Andres Corsino (Patronal),Febrero,4,Lambayeque,Chiclayo,Monsefu,-6.87431,-79.86871,,,
Santisima Cruz de Chaplon de Olmos (Tradicional),Agosto,10,Lambayeque,Chiclayo,Monsefu,-6.87431,-79.86871,,,
Señor Cautivo de Ayabaca (Patronal),Julio,20,Lambayeque,Chiclayo,Monsefu,-6.87431,-79.86871,,,
Señor Cautivo de Monsefu (Patronal),Marzo,14,Lambayeque,Chiclayo,Monsefu,-6.87431,-79.86871,,,
Santisima Cruz de Chaplon de Olmos (Tradicional),Febrero,5,Lambayeque,Chiclayo,Motupe,-6.77137,-79.84088,,,
Virgen de Fatima (Patronal),Mayo,11,Lambayeque,Chiclayo,Nueva Arica,-6.87417,-79.343,,,
San Juan (Patronal),Junio,24,Lambayeque,Chiclayo,Oyotun,-6.84611,-79.2983,,,
San Martin de Porres (Patronal),Noviembre,18,Lambayeque,Chiclayo,Patapo,-6.73556,"-79.,6347",,,
Virgen de los Dolores (Patronal),Abril,18,Lambayeque,Chiclayo,Picsi,-6.71778,-79.76972,,,
Virgen del Carmen (Patronal),Julio,16,Lambayeque,Chiclayo,Pimentel,-6.83528,-79.9358,,,
Cruz de Mayo (Tradicional),Mayo,1,Lambayeque,Chiclayo,Pucala,-6.78194,-79.6122,,,
Cruz de Mayo (Tradicional),Mayo,3,Lambayeque,Chiclayo,Puerto Eten,"-692,556",-79.8661,,,
Sagrado Corazon (Patronal),Junio,4to. Domingo,Lambayeque,Chiclayo,Puerto Eten,"-692,556",-79.8661,,,
San Martin de Thours (Patronal),Mayo,10,Lambayeque,Chiclayo,Reque,-6.865,-79.8192,,,
San Martin de Thours (Patronal),Noviembre,11,Lambayeque,Chiclayo,Reque,-6.865,-79.8192,,,
San Martin de Thours (Patronal),Mayo,13,Lambayeque,Chiclayo,Reque,-6.865,-79.8192,,,
Año Nuevo (Tradicional),Enero,1,Lambayeque,Chiclayo,Santa Rosa,-6.75772,-79.82747,,,
San Jose (Patronal),Marzo,19,Lambayeque,Chiclayo,Santa Rosa,-6.75772,-79.82747,,,
Santa Rosa de Lima (Patronal),Octubre,18,Lambayeque,Chiclayo,Santa Rosa,-6.75772,-79.82747,,,
Santisima Cruz de Chaplon de Olmos (Tradicional),Febrero,9,Lambayeque,Chiclayo,Santa Rosa,-6.75772,-79.82747,,,
Virgen del Carmen (Patronal),Junio,16,Lambayeque,Chiclayo,Santa Rosa,-6.75772,-79.82747,,,
Niño Dios de Pascua (Patronal),Diciembre,24,Lambayeque,Chiclayo,Tuman,-6.74778,-79.7019,,,
Cruz de Pañala (Tradicional),Mayo,10,Lambayeque,Chiclayo,Zaña,-6.9240,-79.5835586,,,
Santo Toribio de Mogrovejo (Patronal),Abril,27,Lambayeque,Chiclayo,Zaña,-6.9240,-79.5835586,,,
San Isidro Labrador (Patronal),Mayo,15,Lambayeque,Ferreñafe,Ferreñafe,-6.63889,-79.78889,,,
Santa Lucia (Patronal),Setiembre,16,Lambayeque,Ferreñafe,Ferreñafe,-6.63889,-79.78889,,,
Señor Cautivo de Monsefu (Patronal),Setiembre,14,Lambayeque,Ferreñafe,Ferreñafe,-6.63889,-79.78889,,,
Señor de la Justicia (Patronal),Abril,25,Lambayeque,Ferreñafe,Ferreñafe,-6.63889,-79.78889,,,
Señor de la Justicia (Patronal),Octubre,25,Lambayeque,Ferreñafe,Ferreñafe,-6.63889,-79.78889,,,
Bajada de Reyes (Tradicional),Enero,05-06,Lambayeque,Ferreñafe,Incahausi,-6.23528,-79.3169,,,
San Jose (Patronal),Abril,23,Lambayeque,Ferreñafe,Pueblo Nuevo,-6.63667,-79.795,,,
San Martin (Patronal),Noviembre,5,Lambayeque,Ferreñafe,Pueblo Nuevo,-6.63667,-79.795,,,
Virgen del Carmen (Patronal),Julio,16,Lambayeque,Ferreñafe,Pueblo Nuevo,-6.63667,-79.795,,,
Santisima Cruz del Cerro Yanahuanca (Tradicional),Agosto,20,Lambayeque,Lambayeque,Chochope,-7.79139,-79.22167,,,
Bajada de Reyes (Tradicional),Enero,6,Lambayeque,Lambayeque,illimo,-6.47389,-79.8547,,,
Niño Dios de Reyes (Patronal),Agosto,5,Lambayeque,Lambayeque,illimo,-6.47389,-79.8547,,,
San Juan (Patronal),Junio,24,Lambayeque,Lambayeque,illimo,-6.47389,-79.8547,,,
Todos los Santos (Tradicional),Noviembre,*,Lambayeque,Lambayeque,illimo,-6.47389,-79.8547,,,
San Benito de Palermo (Patronal),Enero,1,Lambayeque,Lambayeque,Jayanca,-6.39278,-79.8228,,,
San Benito de Palermo (Patronal),Julio,1,Lambayeque,Lambayeque,Jayanca,-6.39278,-79.8228,,,
Las Cruces (Tradicional),Mayo,5,Lambayeque,Lambayeque,Jayanca,-6.39278,-79.8228,,,
San Isidro Labrador (Patronal),Mayo,15,Lambayeque,Lambayeque,Jayanca,-6.39278,-79.8228,,,
Santisima Cruz del Cañal (Tradicional),Mayo,25,Lambayeque,Lambayeque,Jayanca,-6.39278,-79.8228,,,
Cruz de Pañala (Tradicional),Mayo,10,Lambayeque,Lambayeque,Jayanca (Batan Grande),-6.47,-79.796,,,
Cruz de Pativilca (Tradicional),Mayo,18,Lambayeque,Lambayeque,Jayanca (Calupe),-6.7789618,-79.678977,,,
Cruz de Pañala (Tradicional),Mayo,10,Lambayeque,Lambayeque,Mochumi,-6.54778,-79.865,,,
Domingo de Ramos (Tradicional),Marzo/Abril,Movil,Lambayeque,Lambayeque,Mochumi,-6.54778,-79.865,,,
San Isidro Labrador (Patronal),Mayo,15,Lambayeque,Lambayeque,Mochumi,-6.54778,-79.865,,,
San Roque (Patronal),Agosto,13,Lambayeque,Lambayeque,Mochumi,-6.54778,-79.865,,,
Santisima Cruz de Muy Finca (Tradicional),Febrero,26,Lambayeque,Lambayeque,Mochumi,-6.54778,-79.865,,,
Virgen de la Inmaculada Concepcion (Patronal),Diciembre,8,Lambayeque,Lambayeque,Morrope,-6.54028,-80.0156,,,
Bajada de Reyes (Tradicional),Enero,6,Lambayeque,Lambayeque,Morrope,-6.54028,-80.0156,,,
Cruz de Pañala (Tradicional),Mayo,10,Lambayeque,Lambayeque,Morrope,-6.54028,-80.0156,,,
Navidad (Tradicional),Diciembre,25,Lambayeque,Lambayeque,Morrope,-6.54028,-80.0156,,,
San Pedro y San Pablo (Patronal),Junio,29,Lambayeque,Lambayeque,Morrope,-6.54028,-80.0156,,,
Todos los Santos (Tradicional),Noviembre,,Lambayeque,Lambayeque,Morrope,-6.54028,-80.0156,,,
Virgen de las Mercedes (Patronal),Setiembre,24,Lambayeque,Lambayeque,Morrope,-6.54028,-80.0156,,,
Santisima Cruz de Chaplon de Olmos (Tradicional),Agosto,5,Lambayeque,Lambayeque,Motupe,-6.15194,-79.71417,,,
San Francisco de Asis (Patronal),Octubre,2,Lambayeque,Lambayeque,Motupe,-6.15194,-79.71417,,,
San Francisco de Asis (Patronal),Octubre,1er. Domingo,Lambayeque,Lambayeque,Motupe,-6.15194,-79.71417,,,
Sagrado Corazon de Jesus (Patronal),Noviembre,05-06-07,Lambayeque,Lambayeque,n.d.,-6.704661111,-79.90708056,,,
Semana Santa (Tradicional),Marzo/Abril,Movil,Lambayeque,Lambayeque,n.d.,-6.704661111,-79.90708056,,,
Señor de los Milagros (Tradicional),Octubre,18,Lambayeque,Lambayeque,n.d.,-6.704661111,-79.90708056,,,
Virgen de las Mercedes (Patronal),Setiembre,24,Lambayeque,Lambayeque,n.d.,-6.704661111,-79.90708056,,,
Virgen de las Mercedes (Patronal),Setiembre,20-24,Lambayeque,Lambayeque,n.d.,-6.704661111,-79.90708056,,,
Santisima Cruz de Chaplon de Olmos (Tradicional),Agosto,25,Lambayeque,Lambayeque,Olmos,-5.98472,-79.74528,,,
Santisima Cruz de Chaplon de Olmos (Tradicional),Febrero,25,Lambayeque,Lambayeque,Olmos,-5.98472,-79.74528,,,
San Pablo (Patronal),Enero,30,Lambayeque,Lambayeque,Pacora,-6.4283,-79.83899,,,
San Pablo (Patronal),Julio,2,Lambayeque,Lambayeque,Pacora,-6.4283,-79.83899,,,
San Pedro y San Pablo (Patronal),Junio,29,Lambayeque,Lambayeque,Pacora,-6.4283,-79.83899,,,
Bajada de Reyes (Tradicional),Enero,6,Lambayeque,Lambayeque,Salas,-6.2742628,-79.6098518,,,
San Jose (Patronal),Marzo,19,Lambayeque,Lambayeque,San Jose,-6.76762,-79.96882,,,
Corpus Christi (Tradicional),Junio,22,Lambayeque,Lambayeque,Tucume,-6.50981,-79.85925,,,
San Pedro y San Pablo (Patronal),Junio,29,Lambayeque,Lambayeque,Tucume,-6.50981,-79.85925,,,
Todos los Santos (Tradicional),Noviembre,,Lambayeque,Lambayeque,Tucume,-6.50981,-79.85925,,,
Virgen de la Candelaria (Patronal),Febrero,2,Lambayeque,Lambayeque,Tucume,-6.50981,-79.85925,,,
Virgen del Carmen (Patronal),Julio,16,Lambayeque,Lambayeque,Tucume,-6.50981,-79.85925,,,
Virgen Purisima (Patronal),Febrero,14,Lambayeque,Lambayeque,Tucume,-6.50981,-79.85925,,,
Virgen Purisima (Patronal),Febrero,23,Lambayeque,Lambayeque,Tucume,-6.50981,-79.85925,,,
Virgen Purisima de la Concepcion (Patronal),Febrero,3,Lambayeque,Lambayeque,Tucume,-6.50981,-79.85925,,,
Virgen Purisima (Patronal),Diciembre,2da. Semana,Loreto,Loreto,n.d.,-4.50722,-73.57889,,,
Las Cruces (Tradicional),Mayo,3,Madre de Dios,n.d.,n.d.,-13.2210,-72.341,,,
San Juan (Patronal),Junio,24,Madre de Dios,n.d.,n.d.,-13.2210,-72.341,,,
Santa Rosa (Patronal),Agosto,30,Madre de Dios,n.d.,n.d.,-13.2210,-72.341,,,
San Ignacio de Loyola (Patronal),Julio,31,Moquegua,Grnl Sanchez Cerro,Ichuña,-16.1406,-70.5356,,,
San Bernardo de Quinistacas (Patronal),Agosto,20,Moquegua,Grnl Sanchez Cerro,Omate,-16.6739158,-70.9701077,,,
San Isidro Labrador (Patronal),Mayo,15,Moquegua,Grnl Sanchez Cerro,Omate,-16.6739158,-70.9701077,,,
Semana Santa (Tradicional),Movil,,Moquegua,Grnl Sanchez Cerro,Omate,-16.6739158,-70.9701077,,,
Señor de las Piedades Quinistacas (Patronal),Movil,,Moquegua,Grnl Sanchez Cerro,Omate,-16.6739158,-70.9701077,,,
Virgen de la Trinidad (Patronal),Marzo,19,Moquegua,Grnl Sanchez Cerro,Yunga,-16.3867,-70.8556,,,
San Pedro y San Pablo (Patronal),Junio,29,Moquegua,Ilo,Ilo,-17.63185,-71.34108,,,
Las Cruces (Tradicional),Mayo,1,Moquegua,Mariscal Nieto,Carumas,-16.8092,-70.6947,,,
Las Cruces (Tradicional),Mayo,3,Moquegua,Mariscal Nieto,Carumas,-16.8092,-70.6947,,,
Pascua de Resurreccion (Tradicional),Marzo/Abril,Movil,Moquegua,Mariscal Nieto,Carumas,-16.8092,-70.6947,,,
San Isidro Labrador (Patronal),Mayo,15,Moquegua,Mariscal Nieto,Carumas,-16.8092,-70.6947,,,
Virgen de la Inmaculada (Patronal),Diciembre,07-08,Moquegua,Mariscal Nieto,Carumas,-16.8092,-70.6947,,,
Las Cruces (Tradicional),Mayo,3,Moquegua,Mariscal Nieto,Cuchumbaya,-16.7508,-70.6861,,,
Pascua de Resurreccion (Tradicional),Marzo/Abril,Movil,Moquegua,Mariscal Nieto,Cuchumbaya,-16.7508,-70.6861,,,
Virgen de la Inmaculada Concepcion (Patronal),Diciembre,8,Moquegua,Mariscal Nieto,Samegua,-17.1817,-70.8997,,,
Las Cruces (Tradicional),Mayo,3,Moquegua,Mariscal Nieto,San Cristobal,-16.7399,-70.70647,,,
Pascua de Resurreccion (Tradicional),Marzo/Abril,Movil,Moquegua,Mariscal Nieto,San Cristobal,-16.7399,-70.70647,,,
Señor de Yacango (Patronal),Setiembre,14,Moquegua,Mariscal Nieto,Torata,-17.0767,-70.8442,,,
Virgen de la Candelaria (Patronal),Febrero,2,Moquegua,Mariscal Nieto,Torata,-17.0767,-70.8442,,,
San Isidro Labrador (Patronal),Mayo,15,Moquegua,Mariscal Nieto,ubinas,-16.3867,-70.8556,,,
Virgen Maria de la Natividad (Patronal),Setiembre,8,Pasco,Daniel A. Carrion,Chacayan,-10.4344,-76.4372,,,
San Santiago (Patronal),Julio,25,Pasco,Daniel A. Carrion,Chacayan (Antapirca),-10.4344,-76.4372,,,
San Juan Bautista (Patronal),Junio,24,Pasco,Daniel A. Carrion,Goyllarisquizga,-10.4731,-76.4083,,,
Virgen Maria de la Asuncion (Patronal),Agosto,15,Pasco,Daniel A. Carrion,n.d.,-10.29323,-75.43114,,,
Santa Rosa (Patronal),Agosto,30,Pasco,Daniel A. Carrion,n.d.,-10.29323,-75.43114,,,
San Juan Bautista (Patronal),Junio,24,Pasco,Daniel A. Carrion,Pasco (Yanacocha),-9.189967,-75.015152,,,
San Juan Bautista (Patronal),Junio,24,Pasco,Daniel A. Carrion,Paucar,-10.711,-76.4433,,,
San Pedro (Patronal),Junio,29,Pasco,Daniel A. Carrion,San Pedro de Pillao,-10.4389,-76.4953,,,
Virgen de Santa Ana (Patronal),Julio,26,Pasco,Daniel A. Carrion,Santa Ana de Tusi,-10.47342,-76.35602,,,
San Juan Bautista (Patronal),Junio,24,Pasco,Daniel A. Carrion,Tapuc (Michivilca),-10.43288,-76.4776,,,
San Juan Bautista (Patronal),Junio,24,Pasco,Daniel A. Carrion,Tapuc (Yacan),10.2333,76.2628,,,
San Pedro (Patronal),Junio,29,Pasco,Daniel A. Carrion,Yanahuanca,-10.4914,-76.5164,,,
Todos los Santos (Tradicional),Noviembre,2,Pasco,Daniel A. Carrion,Yanahuanca,-10.4914,-76.5164,,,
San Pedro (Patronal),Junio,29,Pasco,Oxapampa,Chontabamba,-10.60346,-75.43926,,,
Virgen del Carmen (Patronal),Julio,16,Pasco,Oxapampa,Huancabamba,-10.42887,-75.522557,,,
Santa Rosa (Patronal),Agosto,30,Pasco,Oxapampa,Oxapampa,-10.575,-75.4047,,,
San Juan Bautista (Patronal),Junio,24,Pasco,Oxapampa,Puerto Bermudez,-10.296104,-74.937734,,,
Virgen del Rosario (Patronal),Octubre,12,Pasco,Oxapampa,Villa Rica,-10.73944,-75.26972,,,
Todos los Santos (Tradicional),Noviembre,1,Pasco,Pasco,Chaupimarca,-10.68337,-76.254862,,,
Virgen de la Candelaria (Patronal),Febrero,2,Pasco,Pasco,Chaupimarca (La Quinua),-10.68337,-76.254862,,,
San Pedro (Patronal),Junio,29,Pasco,Pasco,Chaupimarca (Raco),-10.68337,-76.254862,,,
San Antonio de Padua (Patronal),Junio,13-15,Pasco,Pasco,Chaupimarca (Rancas),-10.68337,-76.254862,,,
Virgen del Carmen (Patronal),Julio,16,Pasco,Pasco,Huachon,-10.638813,-75.949327,,,
Virgen Maria de la Natividad (Patronal),Setiembre,8,Pasco,Pasco,Huachon,-10.638813,-75.949327,,,
San Juan Bautista (Patronal),Junio,24,Pasco,Pasco,Huariaca,-10.443359,-76.187339,,,
San Juan Bautista (Patronal),Junio,24,Pasco,Pasco,Huariaca (Los Andes de Pucara),-10.443359,-76.187339,,,
Niño Jesus (Patronal),Diciembre,25-30,Pasco,Pasco,Huayllay,-11.0006384,-76.3731337,,,
San Agustin (Patronal),Agosto,28,Pasco,Pasco,Huayllay,-11.0006384,-76.3731337,,,
Santisima Santa Cruz o Cruces de Mayo (Tradicional),Mayo,03-31,Pasco,Pasco,Huayllay,-11.0006384,-76.3731337,,,
Semana Santa (Tradicional),Marzo/Abril,Movil,Pasco,Pasco,Huayllay,-11.0006384,-76.3731337,,,
San Agustin (Patronal),Agosto,28,Pasco,Pasco,Huayllay,-11.0006384,-76.3731337,,,
Semana Santa (Tradicional),Marzo/Abril,Movil,Pasco,Pasco,Huayllay,-11.0006384,-76.3731337,,,
Señor de la Caña (Patronal),Marzo/Abril,Movil,Pasco,Pasco,n.d.,-10.69,-76.27,,,
Señor de los Milagros (Tradicional),Octubre,18,Pasco,Pasco,n.d.,-10.69,-76.27,,,
Virgen de las Nieves (Patronal),Agosto,5,Pasco,Pasco,n.d.,-10.69,-76.27,,,
Virgen del Transito (Patronal),Agosto,15,Pasco,Pasco,n.d.,-10.69,-76.27,,,
Santisima Santa Cruz o Cruces de Mayo (Tradicional),Mayo,03-31,Pasco,Pasco,n.d.,-10.69,-76.27,,,
Señor de la Exaltacion (Patronal),Setiembre,14,Pasco,Pasco,n.d.,-10.69,-76.27,,,
San Pedro (Patronal),Junio,29,Pasco,Pasco,Ninacaca,-10.85624,-76.109107,,,
San Jeronimo (Patronal),Setiembre,30,Pasco,Pasco,Pallanchacra,-10.41517,-76.23477,,,
Virgen del Carmen (Patronal),Julio,16,Pasco,Pasco,Pallanchacra,-10.41517,-76.23477,,,
Santisima Santa Cruz o Cruces de Mayo (Tradicional),Mayo,03-31,Pasco,Pasco,Paucartambo,-10.77463,-75.81299,,,
Semana Santa (Tradicional),Marzo/Abril,Movil,Pasco,Pasco,Paucartambo,-10.77463,-75.81299,,,
Virgen de la Inmaculada Concepcion (Patronal),Diciembre,8,Pasco,Pasco,Paucartambo,-10.77463,-75.81299,,,
Señor de la Exaltacion (Patronal),Setiembre,14,Pasco,Pasco,San Francisco de Asis de Yarusyacan,-10.48976,-76.19622,,,
Virgen de las Mercedes (Patronal),Setiembre,24,Pasco,Pasco,Simon Bolivar,-10.68986,-76.31593,,,
Semana Santa (Tradicional),Marzo/Abril,Movil,Pasco,Pasco,Simon Bolivar,-10.68986,-76.31593,,,
Virgen del Rosario (Patronal),Octubre,7,Pasco,Pasco,Ticlacayan,-10.534824,-76.163462,,,
Señor Cautivo (Patronal),Octubre,13,Piura,Ayabaca,Ayabaca,-4.64005,-79.71536,,,
Virgen del Carmen (Patronal),Julio,14,Piura,Huancabamba,Huancabamba,-5.23944444,-79.45083333,,,
San Lucas de Colan (Patronal),Julio,25,Piura,Paita,Paita,-5.0892,-81.11444,,,
San Pedro y San Pablo (Patronal),Junio,29,Piura,Paita,Paita,-5.0892,-81.11444,,,
San Santiago (Patronal),Julio,25,Piura,Paita,Paita,-5.0892,-81.11444,,,
Virgen de las Mercedes (Patronal),Setiembre,24,Piura,Paita,Paita,-5.0892,-81.11444,,,
Bajada de Reyes (Tradicional),Enero,6,Piura,Piura,Catacaos,-5.26667,-80.68333,,,
Semana Santa (Tradicional),Marzo/Abril,Movil,Piura,Piura,Catacaos,-5.26667,-80.68333,,,
Año Nuevo (Tradicional),Enero,1,Piura,Piura,Piura,-5.19449,-80.63282,,,
Los angeles (Patronal),Noviembre,1,Piura,Piura,Piura,-5.19449,-80.63282,,,
Navidad (Tradicional),Diciembre,25,Piura,Piura,Piura,-5.19449,-80.63282,,,
Santa Rosa (Patronal),Agosto,30,Piura,Piura,Piura,-5.19449,-80.63282,,,
Santisima Cruz (Tradicional),Mayo,3,Piura,Piura,Piura,-5.19449,-80.63282,,,
Virgen del Carmen (Patronal),Noviembre,13-14,Piura,Sechura,Sechura,-5.55694,-80.82222,,,
San Jacinto Forastero (Patronal),Septiembre,18,Piura,Sechura,Sechura,-5.55694,-80.82222,,,
San Martin de Thours (Patronal),Noviembre,11,Piura,Sechura,Sechura,-5.55694,-80.82222,,,
San Pedro y San Pablo (Patronal),Junio,29,Piura,Sechura,Sechura,-5.55694,-80.82222,,,
San Sebastian (Patronal),Enero,20,Piura,Sechura,Sechura,-5.55694,-80.82222,,,
Virgen de la Luz (Patronal),Setiembre,8,Piura,Sechura,Sechura,-5.55694,-80.82222,,,
Señor de Chocan (Patronal),Febrero,2,Piura,Sullana,Querecotillo,-4.83917,-80.6483,,,
Virgen de la Asuncion (Patronal),Agosto,15,Puno,Azangaro,Azangaro,-14.9086,-70.1953,,,
Virgen de la Inmaculada Concepcion (Patronal),Diciembre,8,Puno,Chucuito,Juli,-16.2166700,-69.4500000,,,
Cruz de Mayo (Tradicional),Mayo,2,Puno,El Collao,Ilave,-16.0869,-69.6381,,,
San Miguel Arcangel (Patronal),Setiembre,29,Puno,El Collao,Ilave,-16.0869,-69.6381,,,
Las Cruces (Tradicional),Mayo,2,Puno,Huancane,Huancane,-15.2008,-69.7678,,,
Virgen de la Inmaculada Concepcion (Patronal),Diciembre,8,Puno,Lampa,Lampa,-15.3647,-70.3675,,,
Cruz de Mayo (Tradicional),Mayo,3,Puno,Melgar,Ayaviri,-14.8863900,-70.5888900,,,
Virgen de Alta Gracia (Patronal),Setiembre,8,Puno,Melgar,Ayaviri,-14.8863900,-70.5888900,,,
Las Cruces (Tradicional),Mayo,3,Puno,Moho,Moho,-15.3603,-69.4997,,,
Las Cruces (Tradicional),Mayo,2,Puno,Puno,Acora,-15.9736,-69.7978,,,
Navidad (Tradicional),Diciembre,25,Puno,Puno,Atuncolla,-15.6883,-70.1439,,,
San Andres (Patronal),Noviembre,30,Puno,Puno,Atuncolla,-15.6883,-70.1439,,,
Niño San Salvador (Patronal),Agosto,6,Puno,Puno,Capachica,-15.6417,-69.8308,,,
Virgen del Rosario (Patronal),Octubre,12,Puno,Puno,Chucuito,-15.8947,-69.8894,,,
Virgen de la Inmaculada Concepcion (Patronal),Diciembre,8,Puno,Puno,Mañazo,-15.8011,-70.3433,,,
Las Cruces (Tradicional),Mayo,2,Puno,Puno,n.d.,-15.8422,-70.0199,,,
Virgen de la Candelaria (Patronal),Febrero,02-08,Puno,Puno,n.d.,-15.8422,-70.0199,,,
Virgen de la Inmaculada Concepcion (Patronal),Diciembre,8,Puno,Puno,Paucarcolla,"-15,7456.",-70.0561,,,
Virgen de la Asuncion (Patronal),Agosto,16,Puno,Puno,Pichacani (Laraquiri),-16.133333,-70.05,,,
San Antonio de Padua (Patronal),Junio,13,Puno,Puno,Sillustani,-15.8422,-70.0199,,,
San Antonio de Padua (Patronal),Junio,13,Puno,San Antonio de Putina,Putina,-14.91388889,-69.87361111,,,
San Felipe Apostol (Patronal),Octubre,12,Puno,San Roman,Caracoto,-15.5691769,-70.107236,,,
Señor de la Amarguras (Patronal),Febrero,,Puno,San Roman,Caracoto,-15.5691769,-70.107236,,,
San Francisco de Asis (Patronal),Octubre,8,Puno,Yunguyo,Yunguyo,-16.24416667,-69.0925,,,
Semana Santa (Tradicional),Movil,,San Martin,Lamas,Lamas,-6.41666667,-76.53333333,,,
Señor de Lamas (Patronal),Junio,13-18,San Martin,Lamas,Lamas,-6.41666667,-76.53333333,,,
Señor de Tabalosos (Patronal),Setiembre,03-09,San Martin,Lamas,Tabalosos,-6.388453,-76.634398,,,
Señor de Juanjui (Patronal),Setiembre,18-25,San Martin,Mariscal Caceres,Juanjui,-7.180239,-76.726467,,,
San Juan (Patronal),Junio,22-30,San Martin,Moyobamba,Moyobamba,-6.03476,-76.97467,,,
Señor de Moyobamba (Patronal),Julio,24-29,San Martin,Moyobamba,n.d.,-6.03,-76.97,,,
Señor de Morales (Patronal),Agosto,22-31,San Martin,San Martin,n.d.,-6.488888889,-76.36194444,,,
Señor de Shilcayo (Patronal),Setiembre,07-18,San Martin,San Martin,n.d.,-6.488888889,-76.36194444,,,
Cruz de la Evangelizacion (Tradicional),Mayo,6,Tumbes,Tumbes,n.d.,-3.566667,-80.45,,,
La Capitana (Patronal),Agosto,30,Tumbes,Tumbes,n.d.,-3.566667,-80.45,,,
Pueblo Nuevo (Patronal),Setiembre,19,Tumbes,Tumbes,n.d.,-3.566667,-80.45,,,
San Francisco (Patronal),Octubre,4,Tumbes,Tumbes,n.d.,-3.566667,-80.45,,,
San Isidro Labrador (Patronal),Junio,15,Tumbes,Tumbes,n.d.,-3.566667,-80.45,,,
San Jacinto (Patronal),Agosto,3er. Semana,Tumbes,Tumbes,n.d.,-3.566667,-80.45,,,
San Juan de la Virgen (Patronal),Junio,24,Tumbes,Tumbes,n.d.,-3.566667,-80.45,,,
San Pedro y San Pablo (Patronal),Junio,28-29,Tumbes,Tumbes,n.d.,-3.566667,-80.45,,,
Señor de Francos (Patronal),Agosto,5,Tumbes,Tumbes,n.d.,-3.566667,-80.45,,,
Señor de Cerro Blanco (Patronal),Noviembre,20,Tumbes,Tumbes,n.d.,-3.566667,-80.45,,,
Señor de Higueron (Patronal),Mayo,30,Tumbes,Tumbes,n.d.,-3.566667,-80.45,,,
Señor de Maldales (Patronal),Setiembre,16,Tumbes,Tumbes,n.d.,-3.566667,-80.45,,,
Señor de Oidor (Patronal),Setiembre,1,Tumbes,Tumbes,n.d.,-3.566667,-80.45,,,
Señor de Pechichal (Patronal),Noviembre,18,Tumbes,Tumbes,n.d.,-3.566667,-80.45,,,
Señor de Realengal (Patronal),Enero,22,Tumbes,Tumbes,n.d.,-3.566667,-80.45,,,
Señor de Vaqueria y Plateros (Patronal),Julio,3,Tumbes,Tumbes,n.d.,-3.566667,-80.45,,,
Virgen de la Inmaculada Concepcion (Patronal),Diciembre,8,Tumbes,Tumbes,n.d.,-3.566667,-80.45,,,
Virgen del Perpetuo Socorro (Patronal),Octubre,8,Tumbes,Tumbes,n.d.,-3.566667,-80.45,,,
Señor de la Peña (Patronal),Setiembre,29,Tumbes,Tumbes,San Juan de la Virgen (Cabuyal),-3.6275108,-80.4331676,,,
Señor de Matapalo (Patronal),Diciembre,2do. Domingo,Tumbes,Zarumilla,Matapalo,-3.68222,-80.1994,,,
Bajada de Reyes (Tradicional),Enero,6,ucayali,Cnrel. Portillo,Calleria (Pucallpa),-8.38333333,-74.55,,,
San Juan (Patronal),Junio,24,ucayali,Cnrel. Portillo,Calleria (Pucallpa),-8.38333333,-74.55,,,
Semana Santa (Tradicional),Abril,,ucayali,Cnrel. Portillo,Calleria (Pucallpa),-8.38333333,-74.55,,,
Navidad (Tradicional),Diciembre,15-30,ucayali,ucayali,n.d.,-9.96,-73.19,,,
,,,,,,,,,,
,,,,,,,,,,
,,,,,,,,,,
,,,,,,,,,,
,,,,,,,,,,
,,,,,,,,,,
,,,,,,,,,,
,,,,,,,,,,
,,,,,,,,,,
,,,,,,,,,,
,,,,,,,,,,
,,,,,,,,,,
,,,,,,,,,,
,,,,,,,,,,
,,,,,,,,,,
,,,,,,,,,,
,,,,,,,,,,
,,,,,,,,,,
,,,,,,,,,,
,,,,,,,,,,
,,,,,,,,,,
,,,,,,,,,,
,,,,,,,,,,
,,,,,,,,,,
,,,,,,,,,,
,,,,,,,,,,
,,,,,,,,,,
,,,,,,,,,,
,,,,,,,,,,
,,,,,,,,,,
,,,,,,,,,,
,,,,,,,,,,
,,,,,,,,,,
,,,,,,,,,,
,,,,,,,,,,
,,,,,,,,,,
,,,,,,,,,,
,,,,,,,,,,
,,,,,,,,,,
,,,,,,,,,,
,,,,,,,,,,
,,,,,,,,,,
,,,,,,,,,,
,,,,,,,,,,
,,,,,,,,,,
,,,,,,,,,,
,,,,,,,,,,
,,,,,,,,,,
,,,,,,,,,,
,,,,,,,,,,
,,,,,,,,,,
,,,,,,,,,,
,,,,,,,,,,
,,,,,,,,,,
,,,,,,,,,,
,,,,,,,,,,
,,,,,,,,,,
,,,,,,,,,,
,,,,,,,,,,
,,,,,,,,,,
,,,,,,,,,,
,,,,,,,,,,
,,,,,,,,,,
,,,,,,,,,,
,,,,,,,,,,
,,,,,,,,,,
,,,,,,,,,,
,,,,,,,,,,
,,,,,,,,,,
,,,,,,,,,,
,,,,,,,,,,
,,,,,,,,,,
,,,,,,,,,,
,,,,,,,,,,
,,,,,,,,,,
,,,,,,,,,,
,,,,,,,,,,
,,,,,,,,,,
,,,,,,,,,,
,,,,,,,,,,
,,,,,,,,,,
,,,,,,,,,,
,,,,,,,,,,
,,,,,,,,,,
,,,,,,,,,,
,,,,,,,,,,
,,,,,,,,,,
,,,,,,,,,,
,,,,,,,,,,
,,,,,,,,,,
,,,,,,,,,,
,,,,,,,,,,
,,,,,,,,,,
,,,,,,,,,,
,,,,,,,,,,
,,,,,,,,,,
,,,,,,,,,,
,,,,,,,,,,
,,,,,,,,,,
,,,,,,,,,,
,,,,,,,,,,
,,,,,,,,,,
,,,,,,,,,,
,,,,,,,,,,
,,,,,,,,,,
,,,,,,,,,,
,,,,,,,,,,
,,,,,,,,,,
,,,,,,,,,,
,,,,,,,,,,
,,,,,,,,,,
,,,,,,,,,,
,,,,,,,,,,
,,,,,,,,,,
,,,,,,,,,,
